[{"model": "product.product", "pk": 1, "fields": {"created_at": "2022-09-15T06:54:32.031Z", "updated_at": "2022-09-15T06:58:15.151Z", "deleted_at": null, "name": "Мот дукати", "description": "", "limited": false, "manufacturer": 3, "category": 2}}, {"model": "product.product", "pk": 2, "fields": {"created_at": "2022-09-15T06:54:51.711Z", "updated_at": "2022-09-15T06:58:48.901Z", "deleted_at": null, "name": "Дукати 2", "description": "", "limited": false, "manufacturer": 3, "category": 2}}, {"model": "product.product", "pk": 3, "fields": {"created_at": "2022-09-15T06:55:07.405Z", "updated_at": "2022-09-15T06:59:08.792Z", "deleted_at": null, "name": "Мотоцикл", "description": "", "limited": false, "manufacturer": 3, "category": 2}}, {"model": "product.product", "pk": 4, "fields": {"created_at": "2022-09-15T06:55:26.123Z", "updated_at": "2022-09-15T06:59:26.316Z", "deleted_at": null, "name": "Самокат", "description": "", "limited": false, "manufacturer": 4, "category": 3}}, {"model": "product.product", "pk": 5, "fields": {"created_at": "2022-09-15T06:55:57.621Z", "updated_at": "2022-09-15T06:59:51.324Z", "deleted_at": null, "name": "Разбежался и поехал", "description": "", "limited": false, "manufacturer": 4, "category": 3}}, {"model": "product.product", "pk": 6, "fields": {"created_at": "2022-09-15T06:56:17.082Z", "updated_at": "2022-09-15T07:00:17.011Z", "deleted_at": null, "name": "Хонор", "description": "", "limited": false, "manufacturer": 2, "category": 6}}, {"model": "product.product", "pk": 7, "fields": {"created_at": "2022-09-15T06:56:35.578Z", "updated_at": "2022-09-15T07:00:34.475Z", "deleted_at": null, "name": "Сяоми телефон", "description": "", "limited": false, "manufacturer": 1, "category": 6}}, {"model": "product.product", "pk": 8, "fields": {"created_at": "2022-09-15T06:56:50.779Z", "updated_at": "2022-09-15T07:00:45.895Z", "deleted_at": null, "name": "Эппл", "description": "", "limited": false, "manufacturer": 2, "category": 6}}, {"model": "product.offer", "pk": 1, "fields": {"created_at": "2022-09-15T06:57:58.175Z", "updated_at": "2022-09-15T06:57:58.175Z", "deleted_at": null, "shop": 3, "product": 1, "price": "10000.00", "amount": 2}}, {"model": "product.offer", "pk": 2, "fields": {"created_at": "2022-09-15T06:58:15.161Z", "updated_at": "2022-09-15T06:58:15.161Z", "deleted_at": null, "shop": 1, "product": 1, "price": "500000.00", "amount": 50}}, {"model": "product.offer", "pk": 3, "fields": {"created_at": "2022-09-15T06:58:48.910Z", "updated_at": "2022-09-15T06:58:48.910Z", "deleted_at": null, "shop": 3, "product": 2, "price": "5000000.00", "amount": 50}}, {"model": "product.offer", "pk": 4, "fields": {"created_at": "2022-09-15T06:58:48.911Z", "updated_at": "2022-09-15T06:58:48.911Z", "deleted_at": null, "shop": 2, "product": 2, "price": "1000000.00", "amount": 1}}, {"model": "product.offer", "pk": 5, "fields": {"created_at": "2022-09-15T06:59:08.801Z", "updated_at": "2022-09-15T06:59:08.801Z", "deleted_at": null, "shop": 3, "product": 3, "price": "5000000.00", "amount": 3}}, {"model": "product.offer", "pk": 6, "fields": {"created_at": "2022-09-15T06:59:26.323Z", "updated_at": "2022-09-15T06:59:26.323Z", "deleted_at": null, "shop": 2, "product": 4, "price": "100000.00", "amount": 1}}, {"model": "product.offer", "pk": 7, "fields": {"created_at": "2022-09-15T06:59:26.325Z", "updated_at": "2022-09-15T06:59:26.325Z", "deleted_at": null, "shop": 3, "product": 4, "price": "5000000.00", "amount": 3}}, {"model": "product.offer", "pk": 8, "fields": {"created_at": "2022-09-15T06:59:51.330Z", "updated_at": "2022-09-15T06:59:51.330Z", "deleted_at": null, "shop": 1, "product": 5, "price": "1000000.00", "amount": 3}}, {"model": "product.offer", "pk": 9, "fields": {"created_at": "2022-09-15T06:59:51.332Z", "updated_at": "2022-09-15T06:59:51.332Z", "deleted_at": null, "shop": 2, "product": 5, "price": "50000.00", "amount": 2}}, {"model": "product.offer", "pk": 10, "fields": {"created_at": "2022-09-15T07:00:17.019Z", "updated_at": "2022-09-15T07:00:17.019Z", "deleted_at": null, "shop": 1, "product": 6, "price": "2000.00", "amount": 50}}, {"model": "product.offer", "pk": 11, "fields": {"created_at": "2022-09-15T07:00:17.020Z", "updated_at": "2022-09-15T07:00:17.020Z", "deleted_at": null, "shop": 1, "product": 6, "price": "30000.00", "amount": 10}}, {"model": "product.offer", "pk": 12, "fields": {"created_at": "2022-09-15T07:00:34.481Z", "updated_at": "2022-09-15T07:00:34.481Z", "deleted_at": null, "shop": 1, "product": 7, "price": "10000.00", "amount": 10}}, {"model": "product.offer", "pk": 13, "fields": {"created_at": "2022-09-15T07:00:34.483Z", "updated_at": "2022-09-15T07:00:34.483Z", "deleted_at": null, "shop": 3, "product": 7, "price": "50000.00", "amount": 5}}, {"model": "product.offer", "pk": 14, "fields": {"created_at": "2022-09-15T07:00:45.903Z", "updated_at": "2022-09-15T07:00:45.903Z", "deleted_at": null, "shop": 1, "product": 8, "price": "5000000.00", "amount": 1}}, {"model": "product.productimage", "pk": 1, "fields": {"created_at": "2022-09-15T06:54:32.040Z", "updated_at": "2022-09-15T06:54:32.040Z", "product": 1, "image": "product/2022/09/15/i_3.webp"}}, {"model": "product.productimage", "pk": 2, "fields": {"created_at": "2022-09-15T06:54:51.719Z", "updated_at": "2022-09-15T06:54:51.719Z", "product": 2, "image": "product/2022/09/15/i_4.webp"}}, {"model": "product.productimage", "pk": 3, "fields": {"created_at": "2022-09-15T06:55:07.412Z", "updated_at": "2022-09-15T06:55:07.412Z", "product": 3, "image": "product/2022/09/15/i_5.webp"}}, {"model": "product.productimage", "pk": 4, "fields": {"created_at": "2022-09-15T06:55:26.131Z", "updated_at": "2022-09-15T06:55:26.131Z", "product": 4, "image": "product/2022/09/15/i_6.webp"}}, {"model": "product.productimage", "pk": 5, "fields": {"created_at": "2022-09-15T06:55:57.631Z", "updated_at": "2022-09-15T06:55:57.631Z", "product": 5, "image": "product/2022/09/15/i_7.webp"}}, {"model": "product.productimage", "pk": 6, "fields": {"created_at": "2022-09-15T06:56:17.094Z", "updated_at": "2022-09-15T06:56:17.094Z", "product": 6, "image": "product/2022/09/15/i.webp"}}, {"model": "product.productimage", "pk": 7, "fields": {"created_at": "2022-09-15T06:56:35.590Z", "updated_at": "2022-09-15T06:56:35.590Z", "product": 7, "image": "product/2022/09/15/i_1.webp"}}, {"model": "product.productimage", "pk": 8, "fields": {"created_at": "2022-09-15T06:56:50.789Z", "updated_at": "2022-09-15T06:56:50.789Z", "product": 8, "image": "product/2022/09/15/i_2.webp"}}, {"model": "product.productcategory", "pk": 1, "fields": {"created_at": "2022-09-15T06:53:10.750Z", "updated_at": "2022-09-15T06:53:10.750Z", "deleted_at": null, "name": "Техника", "description": "", "slug": "tehnika", "parent": null, "lft": 1, "rght": 6, "tree_id": 1, "level": 0}}, {"model": "product.productcategory", "pk": 2, "fields": {"created_at": "2022-09-15T06:53:22.028Z", "updated_at": "2022-09-15T06:53:22.028Z", "deleted_at": null, "name": "Мото", "description": "", "slug": "moto", "parent": 1, "lft": 2, "rght": 3, "tree_id": 1, "level": 1}}, {"model": "product.productcategory", "pk": 3, "fields": {"created_at": "2022-09-15T06:53:41.623Z", "updated_at": "2022-09-15T06:53:41.623Z", "deleted_at": null, "name": "тянитолкай", "description": "", "slug": "tyanitolkaj", "parent": 1, "lft": 4, "rght": 5, "tree_id": 1, "level": 1}}, {"model": "product.productcategory", "pk": 4, "fields": {"created_at": "2022-09-15T06:53:52.591Z", "updated_at": "2022-09-15T06:53:52.591Z", "deleted_at": null, "name": "Электроника", "description": "", "slug": "elektronika", "parent": null, "lft": 1, "rght": 4, "tree_id": 2, "level": 0}}, {"model": "product.productcategory", "pk": 5, "fields": {"created_at": "2022-09-15T06:54:05.554Z", "updated_at": "2022-09-15T06:54:05.554Z", "deleted_at": null, "name": "Ноуты", "description": "", "slug": "nouty", "parent": 4, "lft": 2, "rght": 3, "tree_id": 2, "level": 1}}, {"model": "product.productcategory", "pk": 6, "fields": {"created_at": "2022-09-15T06:54:13.949Z", "updated_at": "2022-09-15T06:54:13.949Z", "deleted_at": null, "name": "Мобильники", "description": "", "slug": "mobilniki", "parent": null, "lft": 1, "rght": 2, "tree_id": 3, "level": 0}}, {"model": "product.manufacturer", "pk": 1, "fields": {"created_at": "2022-09-15T06:50:22.548Z", "updated_at": "2022-09-15T06:50:22.548Z", "deleted_at": null, "name": "Xiaomi", "logo": "manufacturer/2022/09/15/Xiaomi_log.jpg", "description": "Сяоми"}}, {"model": "product.manufacturer", "pk": 2, "fields": {"created_at": "2022-09-15T06:50:39.007Z", "updated_at": "2022-09-15T06:50:39.008Z", "deleted_at": null, "name": "Honor", "logo": "manufacturer/2022/09/15/Honor-Logo-1024x576-1-2048x1152.jpg", "description": "Хонор"}}, {"model": "product.manufacturer", "pk": 3, "fields": {"created_at": "2022-09-15T06:50:58.841Z", "updated_at": "2022-09-15T06:50:58.841Z", "deleted_at": null, "name": "Ducati", "logo": "manufacturer/2022/09/15/15ee2425bd486d12bb3340d7b5480a8c.png", "description": "Дукати"}}, {"model": "product.manufacturer", "pk": 4, "fields": {"created_at": "2022-09-15T06:51:13.784Z", "updated_at": "2022-09-15T06:51:13.784Z", "deleted_at": null, "name": "Самокат", "logo": "manufacturer/2022/09/15/samokat.png", "description": "Самокат"}}]