[{"model": "product.manufacturer", "pk": 1, "fields": {"created_at": "2022-09-02T13:41:05.351Z", "updated_at": "2022-10-26T17:19:03.339Z", "deleted_at": null, "name": "realme", "logo": "manufacturer/2022/10/26/realme.png", "description": ""}}, {"model": "product.manufacturer", "pk": 2, "fields": {"created_at": "2022-09-02T13:41:14.494Z", "updated_at": "2022-10-29T13:01:49.745Z", "deleted_at": null, "name": "Яндекс", "logo": "manufacturer/2022/10/29/orig.webp", "description": ""}}, {"model": "product.manufacturer", "pk": 3, "fields": {"created_at": "2022-09-10T12:34:06.290Z", "updated_at": "2022-10-29T17:25:39.440Z", "deleted_at": null, "name": "Бит и Байт", "logo": "", "description": ""}}, {"model": "product.manufacturer", "pk": 4, "fields": {"created_at": "2022-09-10T12:34:31.841Z", "updated_at": "2022-10-30T19:48:13.183Z", "deleted_at": null, "name": "Apple", "logo": "manufacturer/2022/10/30/orig.webp", "description": ""}}, {"model": "product.manufacturer", "pk": 5, "fields": {"created_at": "2022-09-10T12:34:40.834Z", "updated_at": "2022-10-30T20:18:20.624Z", "deleted_at": null, "name": "Hyundai", "logo": "", "description": ""}}, {"model": "product.manufacturer", "pk": 6, "fields": {"created_at": "2022-10-22T15:27:05.666Z", "updated_at": "2022-11-02T13:04:54.231Z", "deleted_at": null, "name": "Garda Decor", "logo": "", "description": ""}}, {"model": "product.manufacturer", "pk": 7, "fields": {"created_at": "2022-10-23T10:46:46.587Z", "updated_at": "2022-11-03T17:57:45.191Z", "deleted_at": null, "name": "МЭРИ", "logo": "", "description": ""}}, {"model": "product.manufacturer", "pk": 8, "fields": {"created_at": "2022-11-03T18:08:18.794Z", "updated_at": "2022-11-03T18:08:18.794Z", "deleted_at": null, "name": "Scarlett", "logo": "manufacturer/2022/11/03/orig.webp", "description": ""}}, {"model": "product.manufacturer", "pk": 9, "fields": {"created_at": "2022-11-03T18:13:12.366Z", "updated_at": "2022-11-03T18:14:01.694Z", "deleted_at": null, "name": "Denzel", "logo": "manufacturer/2022/11/03/orig_cSE1JxX.webp", "description": ""}}, {"model": "product.manufacturer", "pk": 10, "fields": {"created_at": "2022-11-05T16:12:44.141Z", "updated_at": "2022-11-05T16:12:44.141Z", "deleted_at": null, "name": "Eurolux", "logo": "", "description": ""}}, {"model": "product.manufacturer", "pk": 11, "fields": {"created_at": "2022-11-05T18:55:42.007Z", "updated_at": "2022-11-05T18:55:42.007Z", "deleted_at": null, "name": "Кстати", "logo": "", "description": ""}}, {"model": "product.manufacturer", "pk": 12, "fields": {"created_at": "2022-11-05T19:02:38.268Z", "updated_at": "2022-11-05T19:02:38.268Z", "deleted_at": null, "name": "Cerruti 1881", "logo": "manufacturer/2022/11/05/orig.webp", "description": ""}}, {"model": "product.manufacturer", "pk": 13, "fields": {"created_at": "2022-11-05T19:07:16.789Z", "updated_at": "2022-11-05T19:07:16.789Z", "deleted_at": null, "name": "PUMA", "logo": "manufacturer/2022/11/05/orig_NN9ySxd.webp", "description": ""}}, {"model": "product.manufacturer", "pk": 14, "fields": {"created_at": "2022-11-05T19:16:38.443Z", "updated_at": "2022-11-05T19:16:38.443Z", "deleted_at": null, "name": "M-GROUP", "logo": "manufacturer/2022/11/05/orig_CnGTTOV.webp", "description": ""}}, {"model": "product.productcategory", "pk": 1, "fields": {"created_at": "2022-09-15T06:53:10.750Z", "updated_at": "2022-10-28T16:04:01.499Z", "deleted_at": null, "name": "Электроника", "description": "", "slug": "elektronika", "parent": null, "lft": 1, "rght": 20, "tree_id": 1, "level": 0}}, {"model": "product.productcategory", "pk": 2, "fields": {"created_at": "2022-09-15T06:53:22.028Z", "updated_at": "2022-10-28T16:04:50.522Z", "deleted_at": null, "name": "Смартфоны и гаджеты", "description": "", "slug": "smartfony-i-gadzhety", "parent": 1, "lft": 4, "rght": 9, "tree_id": 1, "level": 1}}, {"model": "product.productcategory", "pk": 3, "fields": {"created_at": "2022-09-15T06:53:41.623Z", "updated_at": "2022-10-28T16:05:20.773Z", "deleted_at": null, "name": "Мобильные телефоны", "description": "", "slug": "mobilnye-telefony", "parent": 2, "lft": 7, "rght": 8, "tree_id": 1, "level": 2}}, {"model": "product.productcategory", "pk": 4, "fields": {"created_at": "2022-09-15T06:53:52.591Z", "updated_at": "2022-10-28T16:07:22.858Z", "deleted_at": null, "name": "Наушники и аудиотехника", "description": "", "slug": "naushniki-i-audiotehnika", "parent": 1, "lft": 10, "rght": 15, "tree_id": 1, "level": 1}}, {"model": "product.productcategory", "pk": 5, "fields": {"created_at": "2022-09-15T06:54:05.554Z", "updated_at": "2022-10-28T18:47:01.368Z", "deleted_at": null, "name": "Наушники и Bluetooth-гарнитуры", "description": "", "slug": "naushniki-i-bluetooth-garnitury", "parent": 4, "lft": 11, "rght": 12, "tree_id": 1, "level": 2}}, {"model": "product.productcategory", "pk": 6, "fields": {"created_at": "2022-09-15T06:54:13.949Z", "updated_at": "2022-10-28T17:52:03.331Z", "deleted_at": null, "name": "Умные часы и браслеты", "description": "", "slug": "umnye-chasy-i-braslety", "parent": 2, "lft": 5, "rght": 6, "tree_id": 1, "level": 2}}, {"model": "product.productcategory", "pk": 7, "fields": {"created_at": "2022-09-02T11:29:28.260Z", "updated_at": "2022-10-28T18:06:04.998Z", "deleted_at": null, "name": "Гигиена", "description": "", "slug": "gigiena", "parent": null, "lft": 1, "rght": 12, "tree_id": 10, "level": 0}}, {"model": "product.productcategory", "pk": 8, "fields": {"created_at": "2022-09-02T11:29:36.324Z", "updated_at": "2022-10-28T18:06:47.909Z", "deleted_at": null, "name": "Уход за полостью рта", "description": "", "slug": "uhod-za-polostyu-rta", "parent": 7, "lft": 2, "rght": 7, "tree_id": 10, "level": 1}}, {"model": "product.productcategory", "pk": 9, "fields": {"created_at": "2022-09-02T11:29:41.969Z", "updated_at": "2022-10-28T18:07:30.131Z", "deleted_at": null, "name": "Электрические зубные щетки", "description": "", "slug": "elektricheskie-zubnye-shetki", "parent": 8, "lft": 3, "rght": 4, "tree_id": 10, "level": 2}}, {"model": "product.productcategory", "pk": 10, "fields": {"created_at": "2022-09-02T11:29:50.948Z", "updated_at": "2022-10-28T18:24:29.136Z", "deleted_at": null, "name": "Аксессуары для зубных щеток и ирригаторов", "description": "", "slug": "aksessuary-dlya-zubnyh-shetok-i-irrigatorov", "parent": 8, "lft": 5, "rght": 6, "tree_id": 10, "level": 2}}, {"model": "product.productcategory", "pk": 11, "fields": {"created_at": "2022-09-02T11:29:56.325Z", "updated_at": "2022-10-29T13:04:03.839Z", "deleted_at": null, "name": "Умные колонки", "description": "", "slug": "umnye-kolonki", "parent": 1, "lft": 2, "rght": 3, "tree_id": 1, "level": 1}}, {"model": "product.productcategory", "pk": 12, "fields": {"created_at": "2022-09-02T11:30:02.365Z", "updated_at": "2022-10-29T13:37:34.743Z", "deleted_at": null, "name": "Одежда, обувь и аксессуары", "description": "", "slug": "odezhda-obuv-i-aksessuary", "parent": null, "lft": 1, "rght": 10, "tree_id": 11, "level": 0}}, {"model": "product.productcategory", "pk": 13, "fields": {"created_at": "2022-09-02T11:30:14.174Z", "updated_at": "2022-10-29T13:38:19.020Z", "deleted_at": null, "name": "Женская одежда", "description": "", "slug": "zhenskaya-odezhda", "parent": 12, "lft": 2, "rght": 5, "tree_id": 11, "level": 1}}, {"model": "product.productcategory", "pk": 14, "fields": {"created_at": "2022-09-02T11:30:19.990Z", "updated_at": "2022-10-29T13:39:14.383Z", "deleted_at": null, "name": "Женские толстовки и свитшоты", "description": "", "slug": "zhenskie-tolstovki-i-svitshoty", "parent": 13, "lft": 3, "rght": 4, "tree_id": 11, "level": 2}}, {"model": "product.productcategory", "pk": 15, "fields": {"created_at": "2022-09-02T12:16:52.859Z", "updated_at": "2022-11-02T13:36:35.129Z", "deleted_at": null, "name": "Товары для дома", "description": "", "slug": "tovary-dlya-doma", "parent": null, "lft": 1, "rght": 16, "tree_id": 12, "level": 0}}, {"model": "product.productcategory", "pk": 16, "fields": {"created_at": "2022-09-08T13:16:55.929Z", "updated_at": "2022-10-29T14:10:55.963Z", "deleted_at": null, "name": "Умный дом", "description": "", "slug": "umnyj-dom", "parent": 15, "lft": 2, "rght": 5, "tree_id": 12, "level": 1}}, {"model": "product.productcategory", "pk": 17, "fields": {"created_at": "2022-10-22T14:45:10.918Z", "updated_at": "2022-10-29T14:11:44.421Z", "deleted_at": null, "name": "Освещение и электрика", "description": "", "slug": "osveshenie-i-elektrika", "parent": 16, "lft": 3, "rght": 4, "tree_id": 12, "level": 2}}, {"model": "product.productcategory", "pk": 18, "fields": {"created_at": "2022-10-22T14:45:28.224Z", "updated_at": "2022-10-29T17:23:24.317Z", "deleted_at": null, "name": "Мебель", "description": "", "slug": "mebel", "parent": null, "lft": 1, "rght": 10, "tree_id": 4, "level": 0}}, {"model": "product.productcategory", "pk": 19, "fields": {"created_at": "2022-10-22T14:45:49.101Z", "updated_at": "2022-10-29T17:24:08.295Z", "deleted_at": null, "name": "Шкафы, тумбы, комоды", "description": "", "slug": "shkafy-tumby-komody", "parent": 18, "lft": 2, "rght": 7, "tree_id": 4, "level": 1}}, {"model": "product.productcategory", "pk": 20, "fields": {"created_at": "2022-10-22T14:46:20.407Z", "updated_at": "2022-10-29T17:24:47.777Z", "deleted_at": null, "name": "Комоды", "description": "", "slug": "komody", "parent": 19, "lft": 3, "rght": 4, "tree_id": 4, "level": 2}}, {"model": "product.productcategory", "pk": 21, "fields": {"created_at": "2022-10-22T14:46:38.401Z", "updated_at": "2022-10-30T20:15:34.210Z", "deleted_at": null, "name": "Бытовая техника", "description": "", "slug": "bytovaya-tehnika", "parent": null, "lft": 1, "rght": 12, "tree_id": 7, "level": 0}}, {"model": "product.productcategory", "pk": 22, "fields": {"created_at": "2022-10-22T14:47:07.125Z", "updated_at": "2022-10-30T20:16:14.353Z", "deleted_at": null, "name": "Крупная техника для кухни", "description": "", "slug": "krupnaya-tehnika-dlya-kuhni", "parent": 21, "lft": 2, "rght": 5, "tree_id": 7, "level": 1}}, {"model": "product.productcategory", "pk": 23, "fields": {"created_at": "2022-10-22T14:47:15.575Z", "updated_at": "2022-10-30T20:16:55.130Z", "deleted_at": null, "name": "Холодильники", "description": "", "slug": "holodilniki", "parent": 22, "lft": 3, "rght": 4, "tree_id": 7, "level": 2}}, {"model": "product.productcategory", "pk": 24, "fields": {"created_at": "2022-10-23T08:46:34.018Z", "updated_at": "2022-10-30T20:23:42.940Z", "deleted_at": null, "name": "Портативная акустика", "description": "", "slug": "portativnaya-akustika", "parent": 4, "lft": 13, "rght": 14, "tree_id": 1, "level": 2}}, {"model": "product.productcategory", "pk": 25, "fields": {"created_at": "2022-10-30T20:28:06.877Z", "updated_at": "2022-10-30T20:28:06.877Z", "deleted_at": null, "name": "Телевизоры и аксессуары", "description": "", "slug": "televizory-i-aksessuary", "parent": 1, "lft": 16, "rght": 19, "tree_id": 1, "level": 1}}, {"model": "product.productcategory", "pk": 26, "fields": {"created_at": "2022-10-30T20:29:08.992Z", "updated_at": "2022-10-30T20:29:08.992Z", "deleted_at": null, "name": "Телевизоры", "description": "", "slug": "televizory", "parent": 25, "lft": 17, "rght": 18, "tree_id": 1, "level": 2}}, {"model": "product.productcategory", "pk": 27, "fields": {"created_at": "2022-11-02T13:08:01.580Z", "updated_at": "2022-11-02T13:08:01.580Z", "deleted_at": null, "name": "Домашний интерьер", "description": "", "slug": "domashnij-interer", "parent": 15, "lft": 6, "rght": 11, "tree_id": 12, "level": 1}}, {"model": "product.productcategory", "pk": 28, "fields": {"created_at": "2022-11-02T13:08:18.777Z", "updated_at": "2022-11-02T13:08:18.777Z", "deleted_at": null, "name": "Декор интерьера", "description": "", "slug": "dekor-interera", "parent": 27, "lft": 7, "rght": 8, "tree_id": 12, "level": 2}}, {"model": "product.productcategory", "pk": 29, "fields": {"created_at": "2022-11-02T13:24:39.790Z", "updated_at": "2022-11-02T13:24:39.790Z", "deleted_at": null, "name": "Зеркала интерьерные", "description": "", "slug": "zerkala-interernye", "parent": 27, "lft": 9, "rght": 10, "tree_id": 12, "level": 2}}, {"model": "product.productcategory", "pk": 30, "fields": {"created_at": "2022-11-03T17:55:33.345Z", "updated_at": "2022-11-03T17:55:33.345Z", "deleted_at": null, "name": "Шкафы", "description": "", "slug": "shkafy", "parent": 19, "lft": 5, "rght": 6, "tree_id": 4, "level": 2}}, {"model": "product.productcategory", "pk": 31, "fields": {"created_at": "2022-11-03T18:02:01.925Z", "updated_at": "2022-11-03T18:02:01.925Z", "deleted_at": null, "name": "Освещение", "description": "", "slug": "osveshenie", "parent": 15, "lft": 12, "rght": 15, "tree_id": 12, "level": 1}}, {"model": "product.productcategory", "pk": 32, "fields": {"created_at": "2022-11-03T18:02:19.236Z", "updated_at": "2022-11-03T18:02:19.236Z", "deleted_at": null, "name": "Потолочные светильники", "description": "", "slug": "potolochnye-svetilniki", "parent": 31, "lft": 13, "rght": 14, "tree_id": 12, "level": 2}}, {"model": "product.productcategory", "pk": 33, "fields": {"created_at": "2022-11-03T18:06:38.375Z", "updated_at": "2022-11-03T18:06:38.375Z", "deleted_at": null, "name": "Климатическая техника для дома", "description": "", "slug": "klimaticheskaya-tehnika-dlya-doma", "parent": 21, "lft": 6, "rght": 11, "tree_id": 7, "level": 1}}, {"model": "product.productcategory", "pk": 34, "fields": {"created_at": "2022-11-03T18:07:02.952Z", "updated_at": "2022-11-03T18:07:02.952Z", "deleted_at": null, "name": "Вентиляторы бытовые", "description": "", "slug": "ventilyatory-bytovye", "parent": 33, "lft": 7, "rght": 8, "tree_id": 7, "level": 2}}, {"model": "product.productcategory", "pk": 35, "fields": {"created_at": "2022-11-03T18:11:00.637Z", "updated_at": "2022-11-03T18:11:00.638Z", "deleted_at": null, "name": "Обогреватели", "description": "", "slug": "obogrevateli", "parent": 33, "lft": 9, "rght": 10, "tree_id": 7, "level": 2}}, {"model": "product.productcategory", "pk": 36, "fields": {"created_at": "2022-11-05T18:56:20.197Z", "updated_at": "2022-11-05T18:56:20.198Z", "deleted_at": null, "name": "Предметы личной гигиены", "description": "", "slug": "predmety-lichnoj-gigieny", "parent": 7, "lft": 8, "rght": 11, "tree_id": 10, "level": 1}}, {"model": "product.productcategory", "pk": 37, "fields": {"created_at": "2022-11-05T18:56:47.045Z", "updated_at": "2022-11-05T18:56:47.045Z", "deleted_at": null, "name": "Ватные палочки и диски", "description": "", "slug": "vatnye-palochki-i-diski", "parent": 36, "lft": 9, "rght": 10, "tree_id": 10, "level": 2}}, {"model": "product.productcategory", "pk": 38, "fields": {"created_at": "2022-11-05T19:03:24.695Z", "updated_at": "2022-11-05T19:03:24.695Z", "deleted_at": null, "name": "Обувь", "description": "", "slug": "obuv", "parent": 12, "lft": 6, "rght": 9, "tree_id": 11, "level": 1}}, {"model": "product.productcategory", "pk": 39, "fields": {"created_at": "2022-11-05T19:03:41.374Z", "updated_at": "2022-11-05T19:03:41.374Z", "deleted_at": null, "name": "Мужская обувь", "description": "", "slug": "muzhskaya-obuv", "parent": 38, "lft": 7, "rght": 8, "tree_id": 11, "level": 2}}, {"model": "product.productcategory", "pk": 40, "fields": {"created_at": "2022-11-05T19:17:45.553Z", "updated_at": "2022-11-05T19:17:45.553Z", "deleted_at": null, "name": "Надувная, плетеная и прочая мебель", "description": "", "slug": "naduvnaya-pletenaya-i-prochaya-mebel", "parent": 18, "lft": 8, "rght": 9, "tree_id": 4, "level": 1}}, {"model": "product.product", "pk": 1, "fields": {"created_at": "2022-09-15T06:54:32.031Z", "updated_at": "2022-11-05T20:03:53.917Z", "deleted_at": null, "name": "Смартфон realme GT Master Edition", "description": "Дизайн от Наото Фукасавы\r\nrealme GT Master Edition, созданный Наото Фукасавой, получил награду iF Design Award 2021 года. Премия iF Design Award, или сокращенно iF, была учреждена в 1953 году и является \"Оскаром\" промышленного дизайна\".\r\nНовый процессор QUALCOMM 778G\r\nПроизводительному процессору нужны хорошие программные компоненты для максимальной реализации потенциала смартфона. Мощная комбинация аппаратной части и фирменного программного обеспечения GT Master Edition - достижение исключительного игрового опыта.\r\nТройная ai-камера 64 МП И селфи камера 32 МП\r\nКамеры смартфона realme GT Master Edition гарантируют пользователю высокое разрешение, максимальную детализацию снимков и самый актуальный список фоторежимов для достижения наилучшего пользовательского опыта съемки художественной фотографии.\r\nБыстрая зарядка SUPERDART 65 ВТ\r\nФирменная технология быстрой зарядки SuperDart Charge 65 Вт обеспечивает быструю и безопасную зарядку смартфона. Сетевое зарядное устройство быстрой зарядки входит в комплектацию смартфона.", "limited": false, "manufacturer": 1, "category": 3}}, {"model": "product.product", "pk": 2, "fields": {"created_at": "2022-09-15T06:54:51.711Z", "updated_at": "2022-11-05T20:03:01.072Z", "deleted_at": null, "name": "Беспроводные наушники realme Buds Air 3", "description": "Наушники TWS Realme Buds Air 3 быстро синхронизируются со смартфоном при извлечении из кейса по технологии Bluetooth, а благодаря малому весу и эргономичной конструкции практически не ощущаются в слуховом канале. Динамические излучатели диаметром 10 мм благодаря карбоновому покрытию диафрагмы обеспечивают формирование мощного детализированного звука для погружения в любимую музыку. Двойной микрофон с системой шумоподавления ANC отвечает за чистое звучание голоса. Встроенный аккумулятор гарантирует около 5,5 часов автономности. Зарядный кейс продлевает автономность до 30 часов при выполнении нескольких подзарядок. На корпусе расположены сенсорные кнопки управления. Корпус наушников защищен от неблагоприятных внешних воздействий по стандарту IPX5. В комплекте поставляются зарядный кабель с поддержкой технологии ускоренной зарядки и 2 пары сменных амбушюр.", "limited": false, "manufacturer": 1, "category": 5}}, {"model": "product.product", "pk": 3, "fields": {"created_at": "2022-09-15T06:55:07.405Z", "updated_at": "2022-11-05T20:02:11.662Z", "deleted_at": null, "name": "Умные часы realme Watch 2 Pro", "description": "Умные часы Realme Watch 2 Pro – это оптимальное сочетание стиля и функциональности. Яркий 1,75-дюймовый экран обеспечивает четкую картинку даже при сильном солнечном свете. Благодаря встроенному высокоточному GPS-датчику можно не только отслеживать количество шагов, но и построить маршрут до пункта назначения. 90 спортивных режимов Realme Watch 2 Pro позволяют с точностью подобрать тот, который нужен именно вам – например, для пробежки или занятий йогой на свежем воздухе. Гаджет держит заряд аккумулятора до 14 дней, поэтому смело можно брать его в поход или на многокилометровый марафон. Также функционал часов обеспечивает получение оповещений о звонках и сообщениях, что помогает всегда оставаться на связи.", "limited": true, "manufacturer": 1, "category": 6}}, {"model": "product.product", "pk": 4, "fields": {"created_at": "2022-09-15T06:55:26.123Z", "updated_at": "2022-11-05T20:01:29.362Z", "deleted_at": null, "name": "Беспроводные наушники realme Buds Q2s", "description": "", "limited": false, "manufacturer": 1, "category": 5}}, {"model": "product.product", "pk": 5, "fields": {"created_at": "2022-09-15T06:55:57.621Z", "updated_at": "2022-11-05T20:00:52.364Z", "deleted_at": null, "name": "Электрическая зубная щетка realme N1 Sonic Electric Toothbrush", "description": "", "limited": false, "manufacturer": 1, "category": 9}}, {"model": "product.product", "pk": 6, "fields": {"created_at": "2022-09-15T06:56:17.082Z", "updated_at": "2022-11-05T20:00:06.673Z", "deleted_at": null, "name": "Насадка realme для Electric Toothbrush N1 для электрической щетки", "description": "", "limited": false, "manufacturer": 1, "category": 10}}, {"model": "product.product", "pk": 7, "fields": {"created_at": "2022-09-15T06:56:35.578Z", "updated_at": "2022-11-05T19:59:24.470Z", "deleted_at": null, "name": "Смартфон realme 8i", "description": "Средневзвешенный смартфон на амбициозном игровом «железе», которое возглавлено восьмиядерным чипсетом MediaTek Helio G96. На случай недостатка места для хранения пользовательской информации в устройстве предусмотрен выделенный слот под карточку microSD. Под стать производительной «начинке» Realme 8i оборудовали «быстрым» экраном с увеличенной частотой обновления 120 Гц. «Продырявленная» IPS-панель обладает размерами по диагонали 6.59 дюймов и транслирует изображение в разрешении 2408х1080 пикселей. Отверстие в экране смартфона проделано под нужды объектива 16 МП селфи-камеры. Основная фотообойма мобильного устройства имеет формат 50 + 2 + 2 МП. Вопросами энергетического снабжения аппарата заправляет аккумуляторная батарея на 5000 мАч с поддержкой умеренно быстрой зарядки 18 Вт. В версии для российского и соседних рынков модель обычно поставляется с NFC-чипом. Также у неё есть боковой сканер отпечатка пальца в кнопке включения.", "limited": false, "manufacturer": 1, "category": 3}}, {"model": "product.product", "pk": 8, "fields": {"created_at": "2022-09-15T06:56:50.779Z", "updated_at": "2022-11-05T19:58:24.840Z", "deleted_at": null, "name": "Смартфон realme C25S", "description": "Благодаря аккумулятору сверхбольшой емкости смартфон realme C25S может составить вам компанию в течение всего дня. Позвольте себе \"раствориться\" в играх или видео. Чтобы получить еще больше от этих 6000 мА*ч, приложение Quick Freeze может минимизировать использование батареи фоновыми приложениями, а оптимизация экрана может уменьшить некоторые эффекты отображения для экономии энергии. Когда батарея близка к разрядке, вы можете продлить ее срок службы с помощью дополнительного режима энергосбережения. Даже если осталось всего несколько процентов, не нужно беспокоиться о низком заряде батареи. Процессор Helio G85 с легкостью обеспечивает все возможности повседневного использования благодаря 12 нм восьмиядерной конфигурации. А с игровой технологией MediaTek вы получите повышенную стабильность и низкую задержку в сети для бесперебойной и надежной работы. realme C25S оснащен большим дисплеем с диагональю 16.5 см (6.5 дюйма) с впечатляющим соотношением площади экрана к корпусу 88.7%. С легкостью показывайте фотографии и видео друзьям и семье и наслаждайтесь беспрепятственным просмотром.", "limited": false, "manufacturer": 1, "category": 3}}, {"model": "product.product", "pk": 9, "fields": {"created_at": "2022-10-22T15:17:27.632Z", "updated_at": "2022-11-05T19:57:33.140Z", "deleted_at": null, "name": "Беспроводные наушники realme Buds Air 2", "description": "Наушники TWS Realme Buds Air 2 сочетают стильный дизайн, легкую эргономичную конструкцию, широкие функциональные возможности и продолжительное время автономной работы. Формирование детализированного звучания обеспечивается благодаря 10-мм динамическим излучателям с карбоновым покрытием диафрагмы. Технология Bass Boost+ способствует созданию объемного эффекта. Для точной передачи голоса установлен двойной микрофон с активным шумоподавлением. Наушники Realme Buds Air 2 легко синхронизируются со смартфоном посредством беспроводной технологии Bluetooth. Конструкция по стандарту IPX5 обеспечивает защиту от воды и пыли. На базе встроенного аккумулятора наушники способны работать автономно около 5 часов. При выполнении подзарядки от кейса время автономной работы увеличивается до 25 часов. Благодаря функции быстрой зарядки существенно ускоряется восстановление энергоресурса.", "limited": true, "manufacturer": 1, "category": 5}}, {"model": "product.product", "pk": 10, "fields": {"created_at": "2022-10-22T15:26:28.693Z", "updated_at": "2022-11-05T19:56:38.760Z", "deleted_at": null, "name": "Buds T100", "description": "", "limited": false, "manufacturer": 1, "category": 5}}, {"model": "product.product", "pk": 11, "fields": {"created_at": "2022-10-23T08:14:09.032Z", "updated_at": "2022-11-05T19:50:02.197Z", "deleted_at": null, "name": "Умная колонка Яндекс Станция Лайт, мята", "description": "Яндекс.Станция Лайт — это яркая и компактная умная колонка, которая управляется голосом и сенсорными кнопками. Она здорово украсит интерьер и сможет развлечь ребенка: матовый корпус приятно держать в руках, а расцветка порадует глаз. У Алисы в Станции Лайт свой характер — он зависит от цвета устройства. Чтобы пользоваться Станцией Лайт, нужны подключение к интернету по Wi-Fi и аккаунт на Яндексе.", "limited": false, "manufacturer": 2, "category": 11}}, {"model": "product.product", "pk": 12, "fields": {"created_at": "2022-10-23T08:29:33.320Z", "updated_at": "2022-11-05T19:49:28.825Z", "deleted_at": null, "name": "Толстовка Яндекс, размер M. балтийский синий", "description": "Толстовки на молнии теперь представлены в новых спокойных цветах — бежевом, балтийском синем и туманном. Они созданы из приятного материала и идеально подходят для прогулок и занятий спортом на природе.", "limited": false, "manufacturer": 2, "category": 14}}, {"model": "product.product", "pk": 13, "fields": {"created_at": "2022-10-23T08:31:12.032Z", "updated_at": "2022-11-05T19:48:35.689Z", "deleted_at": null, "name": "Умная лампочка Яндекса E27, работает с Алисой", "description": "Умная лампочка Яндекса YNDX-00501 – прекрасное решение для тех, кто только планирует создание системы умного дома, и тех, кто желает расширить его функционал.\r\nЛампа подключается по Wi-Fi через приложение Умный дом с Алисой и может управляться как с помощью голосового помощника Алисы через умную колонку Яндекса, так и реагировать на команды, отданные по мобильному приложению. К тому же есть возможность настройки работы лампы в рамках запланированных сценариев, включая и выключая свет по таймеру или сигналу включённых в систему датчиков.\r\nСтандартный цоколь Яндекс Лампочки E27 обеспечивает широкий спектр применения и стандартную установку. Номинальной мощности в 8 Вт и светового потока в 806 люмен достаточно для яркого и приятного глазу освещения комнаты, а возможность регулировать цветовую температуру от 2700 до 6500 К позволит создать тёплое мягкое освещение для романтичного вечера или холодный свет для продуктивной работы.", "limited": false, "manufacturer": 2, "category": 17}}, {"model": "product.product", "pk": 14, "fields": {"created_at": "2022-10-23T08:48:28.686Z", "updated_at": "2022-11-05T19:47:17.155Z", "deleted_at": null, "name": "Умная лампочка Яндекса, работает с Алисой, E14, 4.8Вт, 6500 К", "description": "Умная лампочка Яндекс E14 YNDX-00017 - приятное дополнение к системе умного дома. Данное устройство обладает достаточно богатым функционалом. Лампа подключается по Wi-Fi через приложение Яндекс и может управляться с помощью голосового помощника Алисы, поэтому каждый со смартфоном или планшетом в руках сможет удаленно управлять цветовой температурой от 2700 до 6500 К, и настраивать сценарии работы при определенных условиях. Светодиодная лампа также может работать с другими устройствами умного дома Яндекс, такими как, «умная» розетка или «умная» колонка. Лампочка потребляет всего 4.8 Вт и вкручивается в стандартный цоколь E14.", "limited": false, "manufacturer": 2, "category": 17}}, {"model": "product.product", "pk": 15, "fields": {"created_at": "2022-09-08T14:36:23.618Z", "updated_at": "2022-10-31T16:05:20.879Z", "deleted_at": null, "name": "Смартфон Apple iPhone 13 128GB (темная ночь)", "description": "", "limited": false, "manufacturer": 4, "category": 3}}, {"model": "product.product", "pk": 16, "fields": {"created_at": "2022-10-29T17:16:20.319Z", "updated_at": "2022-10-29T17:19:03.923Z", "deleted_at": null, "name": "Умная колонка Яндекс Станция Макс, черная", "description": "Новая и самая мощная умная колонка с Алисой. С LED-дисплеем, трёхполосным звуком и видео в 4К. Получите максимум впечатлений от музыки, кино и общения с Алисой.Низкие, средние и высокие частоты играют из пяти разных динамиков, чтобы вы услышали каждый инструмент.Поставьте по колонке с Алисой в каждой комнате, и все они будут играть в режиме мультирума — и маленькие, и большие, и Станция Макс.Алиса не только посоветует фильм на вечер, но и покажет его на большом экране. Вам доступны фильмы и сериалы по подписке «Плюс Мульти» с «Амедиатекой», а также видео, которое Алиса найдёт в Интернете.", "limited": false, "manufacturer": 2, "category": 11}}, {"model": "product.product", "pk": 17, "fields": {"created_at": "2022-10-29T17:28:11.591Z", "updated_at": "2022-10-29T17:30:20.653Z", "deleted_at": null, "name": "Комод  Бит и Байт Вайс 10.104 , размер: 121х40 см , цвет: винтаж/камень тёмный/бензин/белый премиум", "description": "Комод Вайс 10.104 - стильный, современный комод, оригинальной миксовой расцветки займет достойное место в вашем интерьере.Конструкция комода Вайс 10.104 включает два закрытых распашной дверкой отделения, открытую нишу и шесть выдвижных ящиков.Комод поможет организовать идеальный порядок хранения ваших вещей и белья.Пропорции комода Вайс 10.104 расчитаны для помещения любого размера - высокий, но узкая (всего 40см комод - ещё и практичная подставка.В гостиной и детской - комод заменит тумбу под телевизор, в спальне и прихожей - крышка комода послужит отличным подзеркальником.В производстве использовались только высококачественные материалы и фурнитуры.Выполнена мебель Вайс из экологически чистой ламинированной ДСП 16 и 22 мм торцы окромлены ПХВ плёнкой.Распашные двери комода на четырёхшарнирных петлях без доводчиков, выдвижные ящики - фолдинги на шариковых направляющих.НЕ универсальная сборка комода, т. е. при сборке открытая ниша комода находится слева.Мебель поставляется в разобранном виде, с комплектом фурнитуры и инструкцией по сборке.Размер комода (ШхГхВ): 121х40х89 см.Производитель - Российская фабрика мебели Моби.", "limited": false, "manufacturer": 3, "category": 20}}, {"model": "product.product", "pk": 18, "fields": {"created_at": "2022-10-30T20:04:40.572Z", "updated_at": "2022-10-30T20:07:26.121Z", "deleted_at": null, "name": "Смартфон Apple iPhone 14 128 ГБ, фиолетовый", "description": "", "limited": false, "manufacturer": 4, "category": 3}}, {"model": "product.product", "pk": 19, "fields": {"created_at": "2022-10-30T20:08:49.240Z", "updated_at": "2022-10-30T20:09:50.021Z", "deleted_at": null, "name": "Смартфон Apple iPhone 14 Pro 256 ГБ, золотой", "description": "Новый волшебный способ взаимодействия с iPhone.Новаторские функции безопасности, призванные спасать жизни.Инновационная 48-мегапиксельная камера для потрясающей детализации.Все они оснащены новейшим чипом для смартфонов.С керамическим экраном, более прочным, чем стекло любого смартфона. Водонепроницаемость. Нержавеющая сталь хирургического класса.Представляем Dynamic Island, по-настоящему инновационную разработку Apple, состоящую из аппаратного и программного обеспечения. Он воспроизводит музыку, спортивные результаты, FaceTime и многое другое — и все это, не отвлекая вас от того, что вы делаете.Дисплей всегда включен. Всегда наготове. Дисплей, который на солнце становится в 2 раза ярче. Теперь экран блокировки всегда виден, поэтому вам даже не нужно нажимать на него, чтобы оставаться в курсе событий. Когда iPhone повернут лицевой стороной вниз или лежит в кармане, он гаснет, чтобы сэкономить время автономной работы.iOS 16 позволяет по-новому настраивать экран блокировки. Наложите слой на фотографию, чтобы сделать ее всплывающей. Отслеживайте свои звонки активности. И смотрите текущие обновления из ваших любимых приложений.iPhone 14 Pro поднимает планку возможностей 48 мегапикселей, обеспечивая в 4 раза большее разрешение в ProRAW для умопомрачительной детализации в каждом кадре.Новая система Pro Camera System добавляет к диапазону зума телеобъектив оптического качества в 2 раза, что обеспечивает большую гибкость при съемке.Кинематографический режим теперь снимает в формате 4K HDR со скоростью 24 кадра в секунду — стандарт киноиндустрии. Пусть ваши сотрудники позвонят нашим сотрудникам.Теперь вы можете легко редактировать вместе с другими профессиональными кадрами в формате 4K со скоростью 24 или 30 кадров в секунду. Вы даже можете отредактировать эффект глубины после съемки.Делайте самые четкие, красочные снимки крупным планом и групповые снимки благодаря новой фронтальной камере TrueDepth с автофокусом и увеличенной диафрагмой.Несмотря на оооочень много новых возможностей, iPhone 14 Pro по‑прежнему обеспечивает потрясающее время автономной работы в течение всего дня.Получайте еще больше удовольствия от своего iPhone.", "limited": true, "manufacturer": 4, "category": 3}}, {"model": "product.product", "pk": 20, "fields": {"created_at": "2022-10-30T20:12:03.015Z", "updated_at": "2022-10-30T20:13:13.320Z", "deleted_at": null, "name": "Смартфон Apple iPhone 14 512 ГБ, сияющая звезда", "description": "", "limited": false, "manufacturer": 4, "category": 3}}, {"model": "product.product", "pk": 21, "fields": {"created_at": "2022-10-30T20:19:34.672Z", "updated_at": "2022-10-30T20:21:09.698Z", "deleted_at": null, "name": "Холодильник Hyundai CM5005F, черное стекло", "description": "Для большой семьи нужен вместительный и функциональный холодильник. Именно такая задача стояла перед инженерами HYUNDAI, когда создавался холодильник CM5005F.Результатом работы стал 4-х дверный холодильник с 3 отделениями, в котором органично сочетаются оригинальный дизайн и продуманность каждого элемента.Черные стеклянные двери и черный цвет корпуса холодильника HYUNDAI CM5005F придадут кухне совершенно новый вид.Настройка режимов работы холодильника и морозильной камеры осуществляется нажатием сенсорных кнопок на внешней стороне дверцы холодильника, где расположен информативный дисплей с панелью управления.Для сохранения сделанных настроек в холодильнике CM5005F предусмотрена блокировка панели управления.Звуковой сигнал напомнит, что двери холодильника закрыты не полностью.Для удобного хранения в холодильной камере (объем 310 л.) предусмотрены полки из закаленного стекла и выдвижной ящик. Высота полок может при необходимости регулироваться. В дверках холодильника CM5005F предусмотрены дополнительные полки для хранения напитков и продуктов.Благодаря максимальному открытию дверей обеспечен легкий доступ ко всему объема холодильного отделения - легко доставать или размещать габаритные кастрюли и блюда.Морозильная камера (объем 156 л.), разделена на 2 отделения – для удобства хранения различных замороженных продуктов. В каждом отделении установлено по 3 вместительных выдвижных ящика.В холодильнике HYUNDAI CM5005F используется технология Total No Frost, благодаря которой наледь и иней не образовываются на стенках холодильника и морозильной камеры.Холодильник HYUNDAI CS5073FV можно установить даже на неровной поверхности- в нижней части прибора расположены регулируемые ножки, которые компенсируют перепады.Продуманные решения в холодильниках HYUNDAI помогают правильно хранить продукты в любое время года.", "limited": false, "manufacturer": 5, "category": 23}}, {"model": "product.product", "pk": 22, "fields": {"created_at": "2022-10-30T20:25:59.496Z", "updated_at": "2022-10-30T20:26:55.527Z", "deleted_at": null, "name": "Портативная акустика Hyundai H-PAC520 синий", "description": "", "limited": false, "manufacturer": 5, "category": 24}}, {"model": "product.product", "pk": 23, "fields": {"created_at": "2022-10-31T15:19:01.908Z", "updated_at": "2022-10-31T15:43:28.976Z", "deleted_at": null, "name": "Hyundai Телевизор LED Hyundai 65\" H-LED65GU7001 Салют ТВ черный Ultra HD 60Hz DVB-T DVB-T2 DVB-C DVB-S DVB-S2 USB WiFi Smart TV (RUS)", "description": "БрендHYUNDAIСерияСалют ТВТипLED-телевизорПоддержка HDTVUltra HD 4KЦветчерныйЦифровой тюнер DVB-TДАДиагональ экрана (дюймы)65Цифровой тюнер DVB-CДАТип разъема USBмультимедийныйЦифровой тюнер DVB-SДАПоддержка SMART TVДАЧастота обновления60 ГцВстроенный Wi-FiдаЦифровой тюнер DVB-T2ДАЦифровой тюнер DVB-S2ДАПроизведено в рфдацвет телевизорачерныйОперационная системаСалют ТВМодельH-LED65GU7001PartNumber/Артикул ПроизводителяH-LED65GU7001Разрешение по горизонтали3840Разрешение по вертикали2160Разрешение3840x2160Разъем RJ-45 (Ethernet)1Мощность акустики24Класс энергоэффективностиA+Формат экрана16:9Яркость экрана250Контрастность5.000:1Время отклика пикселя6.5Угол обзора горизонтальный178Угол обзора вертикальный178Углы обзора (гориз/верт)178x178Поддержка CI+/PCMCIAДАПоддержка PALДАПоддержка SECAMДАВстроенная акустикадаКоличество динамиков2Мощность одного динамика12Декодер NICAMДАДекодер Dolby DigitalДАПрогрессивная разверткаДАЦифровое шумоподавлениеДАВстроенный BluetoothдаТелетекстДАРодительский контрольДАТаймер снаДАТаймер включения/выключенияДАФункция Time ShiftДАГид по программам (EPG)ДАМедиаплеер USBДАВозможность записи на USB носительДААнтенный вход1Разъем HDMI3Разъем USB2Разъем SCART1Разъем композитный (видео)1Разъем CI+1Разъем для наушников1Разъем S/PDIF оптический1Тип блока питаниявстроенныйЭнергопотребление в рабочем режиме160Энергопотребление в режиме ожидания0.5Размер VESA200x200Ширина1445.4Высота898.3Глубина275Размеры1445.4x898.3x275ммВес20.7Ширина без подставки1445.4Высота без подставки830.6Глубина без подставки88.8Размеры без подставки1445.4x830.6x88.8ммВес без подставки19.5Покрытие корпусаматовоеПокрытие экранаглянцевоеТип панелиLEDТип подставкипо бокамДиагональ65Форматы воспроизведенияРазличные форматы файлов видео, аудио, изображенийОсобенности моделиСалют ТВКомплектацияПолную комплектацию товара уточняйте у производителяОбъем встроенной памяти8Объем оперативной памяти1.5Тип пульта ДУ в комплектеBluetoothРаботает с \"Салют\"ДАПроцессор изображенияG52(2EE)MC1Голосовой помощникSber СалютДлина упаковки (ед)1.62Ширина упаковки (ед)0.15Высота упаковки (ед)0.92Габариты упаковки (ед) ДхШхВ1.62x0.15x0.92Вес упаковки (ед)13.5Объем упаковки (ед)0.22356Безрамочный дизайнДАДиагональ экрана (см)165 . adpar_property_list { width:100%; margin:0px 0px 0px; color:#555; } . adpar_property_list td { vertical-align: bottom; font-size:13px; vertical-align: top; background: url(images/dott. png) no-repeat; background-position: 0px 12px; background-repeat: repeat-x; width:50%; border-bottom-width: 0px; } . adpar_property_list td span { bottom: 1px; } . adpar_property_list td. property_name{ width: 30%; } . adpar_property_list td. property_value{ width: 70%; } . adpar_property_list td. property_value span { padding: 0px 0px 0px 10px; } . adpar_property_list td { text-align: right; padding: 2px 0px…", "limited": false, "manufacturer": 5, "category": 26}}, {"model": "product.product", "pk": 24, "fields": {"created_at": "2022-11-02T13:07:06.605Z", "updated_at": "2022-11-02T13:08:47.877Z", "deleted_at": null, "name": "Статуэтка Гарда Декор Котики", "description": "Тематические фигуры из удивительно легкого и прочного экологически чистого материала. Поддерживают стиль и атмосферу дома, расставляют акценты в интерьере.", "limited": false, "manufacturer": 6, "category": 28}}, {"model": "product.product", "pk": 25, "fields": {"created_at": "2022-11-02T13:23:46.485Z", "updated_at": "2022-11-02T13:25:04.613Z", "deleted_at": null, "name": "Зеркало интерьерное Garda Decor 57599/5", "description": "Зеркало интерьерное Garda Decor 57599/5", "limited": false, "manufacturer": 6, "category": 29}}, {"model": "product.product", "pk": 26, "fields": {"created_at": "2022-11-03T17:52:12.644Z", "updated_at": "2022-11-03T17:55:36.272Z", "deleted_at": null, "name": "Тумба-стеллаж открытый Индиго 10.20 цвет тёмно серый/граффити", "description": "Тумба-стеллаж Индиго 10.20 - большой, вместительный, оригинального дизайна шкаф, идеально впишется в ваш интерьер.Конструктивно шкаф - удобная комбинация классического гардероба с открытым стеллажом.Нестандартная, всего 130 см высота шкафа Индиго интересна при оформлении небольших помещений и модных каскадных композиций.Распашная часть шкафа Индиго, за двустворчатыми дверками, скрывает отделение со штангой для вешалок и бельевой отсек с двумя полками.Стеллажная часть шкафа Индиго, с двумя фигурными полками и боковой стеночкой, призывно открыта для аксессуаров отдыха и учёбы.Высота расположения полок стеллажа гарантирует удобный доступ к учебникам, книгам, гаджета при составлении стенок со столом и кроватью.Универсальной сборки у шкафа Индиго 10.20 нет, поэтому при составлении мебельных композиций рекомендуем располагать его слева.Шкаф для одежды с полками Индиго 10.20 - модуль из набора мебели для молодёжной Индиго.В производстве использовались только высококачественные материалы и фурнитуры.Корпуса и фасады мебели Индиго выполнены из экологически чистой ламинированной ДСП 16 мм торцы окромлены ПХВ плёнкой.Мебель поставляется в разобранном виде, с комплектом фурнитуры и инструкцией по сборке.Размер шкафа (ШхГхВ): 100х51х130 см.Ширина отделений: с штангой - 37 см, с полками за дверкой - 33 см, открытой части - 24 см.Производитель - Российская фабрика мебели Моби", "limited": false, "manufacturer": 3, "category": 30}}, {"model": "product.product", "pk": 27, "fields": {"created_at": "2022-11-03T17:57:08.071Z", "updated_at": "2022-11-03T17:58:28.700Z", "deleted_at": null, "name": "Комод Сан-Ремо СР-02 цвет венге цаво/чёрный глянец", "description": "Комод Сан-Ремо СР-02 - красивый, большой, вместительный комод - займет достойное место в вашем интерьере.Яркий внешний вид комода определяют фасады и столешница из глянцевого стекла, стильные ножки и ручки.Такой комод удобен для хранения личных вещей, одежды, постельного белья, косметики или всего, что Вы захотите.Комод имеет 3 выдвижных ящика на металлических направляющих, обеспечивающих тихий, прямолинейный ход.Сан-Ремо СР-02 Комод - элемент из коллекции мебели для спальни Сан-Ремо.В производстве использовались только высококачественные материалы и фурнитуры.Корпуса модулей изготовлены из ламинированной ДСП, фасады и столешницы - из стекла лакобель (глянцевое стекло), декоративные вставки - из искусственной кожи.Мебель поставляется в разобранном виде, с комплектом фурнитуры и инструкцией по сборке.Размер комода (ШхГхВ): 120х46х82 см.Производитель - Российская компания «Мэри Мебель».", "limited": false, "manufacturer": 7, "category": 20}}, {"model": "product.product", "pk": 28, "fields": {"created_at": "2022-11-03T18:00:52.597Z", "updated_at": "2022-11-03T18:02:46.678Z", "deleted_at": null, "name": "Светильник потолочный Размер: 61*50*61 см Garda Decor", "description": "Материалы: металл (железо) Высота: 50 см Ширина: 61 см Длина: 61 см Вес: 6.5 кг Осветительные приборы достаточно важны при обустройстве дома. В современных реалиях жизни люстра – это не просто утилитарная вещь, но и возможность владельцев выразить свою индивидуальность, украшая дом декоративным потолочным светильником. Представленный современный потолочный светильник имеет весьма экстравагантный, оригинальный вид.", "limited": false, "manufacturer": 6, "category": 32}}, {"model": "product.product", "pk": 29, "fields": {"created_at": "2022-11-03T18:05:40.283Z", "updated_at": "2022-11-03T18:09:03.002Z", "deleted_at": null, "name": "Настольный вентилятор Scarlett SC-DF111S10, черный", "description": "Компактный 4” настольный вентилятор Scarlett SC-DF111S10 может работать от USB провода или от встроенного аккумулятора. Время работы составляет от 4 до 6 часов. Его можно использовать везде – дома, в офисе, на природе, в автомобиле, в путешествиях и походах. Колёсико на задней панели позволяет плавно регулировать скорость воздушного потока от лёгкого до максимального обдува. Вентилятор вращается во всех плоскостях, что позволяет управлять направлением воздушного потока и направлять его в нужное место. Устройство легко можно закрепить на любой горизонтальной или вертикальной поверхности с помощью прищепки.", "limited": false, "manufacturer": 8, "category": 34}}, {"model": "product.product", "pk": 30, "fields": {"created_at": "2022-11-03T18:10:17.310Z", "updated_at": "2022-11-03T18:13:15.124Z", "deleted_at": null, "name": "Конвектор гибридный электрический HybridX-1500, ИК нагреватель, цифровой термостат, Denzel 98119", "description": "Гибридный электрический конвектор Denzel HybridX-1500 98119 с X-образным инфракрасным нагревательным элементом, LED-дисплеем и цифровым термостатом рассчитан на обогрев закрытых помещений площадью до 25 кв. м. Оптимален для использования в квартирах, на дачах, в офисах, а также в бытовых, общественных и производственных помещениях. Регулировка мощности 750/1500 Вт позволяет выставить желаемую скорость обогрева помещения. Устройство поддерживает механический и автоматический режимы, что позволяет максимально точно настроить его работу под свои потребности. ПреимуществаВысокая энергоэффективность — гибридный нагревательный элемент излучает инфракрасное тепло и одновременно обеспечивает конвекцию воздуха, что позволяет прогревать помещение заметно быстрее при тех же затратах энергии. Отсутствие неприятного запаха — конвектор не сушит воздух и не сжигает пыль. Двойная защита — специальные датчики отключают конвектор в случае перегрева и опрокидывания, что делает его применение максимально безопасным. Цифровой термостат — просто запрограммируйте необходимую температуру и она будет поддерживаться автоматически. Интуитивно понятная навигация — электронная панель управления с ярким информативным дисплеем отображает все необходимые параметры работы и позволяет быстро переключаться на нужный режим.24-часовой таймер — в механическом режиме можно установить желаемое время включения, что позволит приходить после работы в теплую квартиру и не замерзать ночью. Недельная программа таймера — в автоматическом режиме пользователь может выбрать день и время, когда конвектор включится (на каждый день предусмотрено по 4 таймера работы). Функция запоминания — после отключения в памяти устройства сохраняются последние выставленные таймеры и температура. Датчик открытого окна — конвектор автоматически отключается при поступлении холодного воздуха и понижении температуры в помещении, что позволяет избежать потери электроэнергии. Защита от детей — панель управления устройством можно заблокировать, тем самым обеспечив безопасную работу в квартире, где есть маленькие домочадцы. Долговечность — срок службы нагревательного элемента составляет 25 лет. Бесшумная работа — конвектор можно ставить в зонах отдыха и включать на время сна. Напольная/настенная установка — быстросъемные колесные опоры, кронштейн для крепления к стене и необходимый крепеж входят в комплект поставки. Возможность использования в ванных комнатах — нагревательный элемент надежно защищен от попадания влаги, что позволяет устанавливать устройство в санузлах. Гарантия 3 года — качество и надежность конвектора подтверждены производителем.", "limited": false, "manufacturer": 9, "category": 35}}, {"model": "product.product", "pk": 31, "fields": {"created_at": "2022-11-05T16:12:16.063Z", "updated_at": "2022-11-05T16:14:36.130Z", "deleted_at": null, "name": "Тепловентилятор ТВС-EU-1 Eurolux", "description": "Тепловентилятор Eurolux ТВС-EU-1 67/2/8 используется для обогрева помещения.Модель имеет три режима работы: вентилятор, обогрев на пониженной и высокой мощности.Прибор оснащен спиральным нагревательным элементом, который быстро достигает рабочей температуры, а принудительное нагнетание воздуха обеспечивает его более быструю циркуляцию в объёме помещения.При отключенном нагревательном элементе тепловентилятор способен выполнять функцию обычного вентилятора.Технические характеристики Eurolux ТВС-EU-1Нагревательный элементНагревательный элемент у тепловентилятора может быть спиральным, трубчатым ТЭНом или керамическим.Спиральная вольфрамовая нить – самый простой нагреватель, нагревается до температуры более 1000 градусов, что способствует высокой теплоотдаче даже при небольшой площади спирали. Недостаток такого нагревателя в сгорании попадающей на ее поверхность пыли, что приводит к постепенному накоплению постороннего запаха при эксплуатации в помещении с недостаточно чистым воздухом.ТЭН конструктивно состоит из токоведущей тугоплавкой проволоки или графита, помещенных в металлическую трубку, внутренняя полость которой засыпана кварцевым песком, хорошо проводящим тепло. Температура трубок держится на уровне 400-600 градусов, что значительно ниже, чем у спиральных вольфрамовых нагревательных элементов.Еще более надежную и безопасную конструкцию имеют керамические нагреватели, которые за счет большой поверхности теплоотдачи нагреваются не более 200 градусов. Это сводит на нет выгорание пыли на поверхности нагревательных элементов, что исключает возникновение неприятных запахов и повышает безопасность работы тепловентилятора.электрическая спиральMax мощность, Вт 1800Количество режимов нагреваТепловентиляторы с несколькими режимами нагрева позволяют выставить не только максимальную мощность в качестве предельного значения при регулировке термостатом, но и промежуточное значение. Например, при максимальной мощности тепловентилятора в 2 кВт при втором режиме регулировки пределом становится на 2, а 1 кВт, что позволяет более тонко подобрать нужную мощность обогрева на отрезке от 0 до 1 кВт. Это повышает тонкость настройки и позволяет оптимально выбрать теплоотдачу в зависимости от требуемой скорости нагрева.Если в помещении слегка прохладно, то ставится минимальный режим, а при сильном холоде можно включить более интенсивные режимы.3УправлениеУправление тепловентилятором осуществляется электронным термостатом или механическим реостатом. В первом случае обеспечивается более точная настройка температуры, но механические регуляторы считаются надежнее и долговечнее.механическоеПульт ДУ нетФункция поворота нетГабариты без упаковки, мм 220x215x98Вид крепления настольныйНапряжение, В 220", "limited": false, "manufacturer": 10, "category": 35}}, {"model": "product.product", "pk": 32, "fields": {"created_at": "2022-11-05T18:54:53.950Z", "updated_at": "2022-11-05T18:57:20.066Z", "deleted_at": null, "name": "Ватные диски Кстати на Маркете, белый, 120 шт., пакет", "description": "Ватные диски, сделанные на 100% из хлопка. Они не превращаются в некрасивый комок, когда намокают. А закрытый край и технология water jet не позволяют волокнам отслаиваться и сохраняют форму.", "limited": false, "manufacturer": 11, "category": 37}}, {"model": "product.product", "pk": 33, "fields": {"created_at": "2022-11-05T19:01:54.783Z", "updated_at": "2022-11-05T19:04:30.082Z", "deleted_at": null, "name": "Кроссовки Cerruti 1881, размер 42, черный", "description": "", "limited": false, "manufacturer": 12, "category": 39}}, {"model": "product.product", "pk": 34, "fields": {"created_at": "2022-11-05T19:06:04.142Z", "updated_at": "2022-11-05T19:08:05.377Z", "deleted_at": null, "name": "Кроссовки PUMA, размер 5, chalk pink/white", "description": "100% текстиль ; В кроссовках Resolve простая, но продуманная конструкция верха надежно поддерживает стопу, а область шнуровки и фирменная боковая полоса усилены вставками из искусственной кожи. Интересные детали - фирменная полоса Formstrip на подошве, зеркально повторяющая фирменную полосу на союзке - эффектно подчеркивают брендовую принадлежность модели. Резиновый накат на подошве в области носка и задника обеспечивает износостойкость и оптимальное сцепление с поверхностью. Тренировочный процесс в кроссовках Resolve превращается в удовольствие благодаря легкой промежуточной подошве со вставками из пены EVA. Наша стелька SoftFoam+ обеспечивает оптимальный комфорт на весь день за счет мягкой амортизации каждого вашего шага. Внешнее покрытие подошвы с резиновыми вставками обеспечивает отличное сцепление с поверхностью. В варианте Resolve Smooth используется обновленный сетчатый материал.", "limited": false, "manufacturer": 13, "category": 39}}, {"model": "product.product", "pk": 35, "fields": {"created_at": "2022-11-05T19:15:51.071Z", "updated_at": "2022-11-05T19:18:12.413Z", "deleted_at": null, "name": "Кресло m-group круг на подставке с ротангом коричневое, бежевая подушка", "description": "Кресло-кокон Круг на подставке, оплетенный искусственным ротангом -прекрасное решение для организации зоны отдыха как на открытом воздухе (дача, сад), так и в доме, на террасе, балконе, в квартире. Стальной каркас садового кресла обеспечивает долгий срок службы. Подушка, которая входит в комплект, выполнена из водоотталкивающей ткани Оксфорд 600. Глубокая корзина кресла для отдыха обеспечивает максимальный комфорт. Цвет подушки может немного отличаться от изображения на фотографии. (Водоотталкивающая ткань Оксфорд 600) Размер подушки ВхШхГ/1,3х0,35(55)х0,1. Размер труб каркаса 2мм. Изделие представлено в 4х цветах каркаса: белый, серый, коричневый, черный. Подушки в 10ти цветах №308 GCC -Бежевый; №178GCC-Бордовый; №243GCC-Зеленый; №981GCC-Синий; №148GCC-Красный; №157GCC-Оранжевый; №319GCC-Светло-серый; №797GCC-Голубой; №390GCC-Розовый; №304GCC-Коричневый. ! Рекомендуем ознакомиться с оттенками !", "limited": false, "manufacturer": 14, "category": 40}}, {"model": "product.productimage", "pk": 1, "fields": {"created_at": "2022-09-15T06:54:32.040Z", "updated_at": "2022-10-26T19:35:46.052Z", "product": 1, "image": "product/2022/10/26/orig_L3jKnBa.webp"}}, {"model": "product.productimage", "pk": 3, "fields": {"created_at": "2022-09-15T06:55:07.412Z", "updated_at": "2022-10-28T17:54:28.691Z", "product": 3, "image": "product/2022/10/28/orig_yrBz6J5.webp"}}, {"model": "product.productimage", "pk": 4, "fields": {"created_at": "2022-09-15T06:55:26.131Z", "updated_at": "2022-10-28T18:02:07.400Z", "product": 4, "image": "product/2022/10/28/orig_2w9cmEX.webp"}}, {"model": "product.productimage", "pk": 5, "fields": {"created_at": "2022-09-15T06:55:57.631Z", "updated_at": "2022-10-28T18:08:55.246Z", "product": 5, "image": "product/2022/10/28/orig_Thb1veH.webp"}}, {"model": "product.productimage", "pk": 6, "fields": {"created_at": "2022-09-15T06:56:17.094Z", "updated_at": "2022-10-28T18:26:25.442Z", "product": 6, "image": "product/2022/10/28/orig_qjWxZNT.webp"}}, {"model": "product.productimage", "pk": 7, "fields": {"created_at": "2022-09-15T06:56:35.590Z", "updated_at": "2022-10-28T18:29:54.822Z", "product": 7, "image": "product/2022/10/28/orig_77wh11D.webp"}}, {"model": "product.productimage", "pk": 8, "fields": {"created_at": "2022-09-15T06:56:50.789Z", "updated_at": "2022-10-28T18:36:26.206Z", "product": 8, "image": "product/2022/10/28/orig_6tkDf3e.webp"}}, {"model": "product.productimage", "pk": 9, "fields": {"created_at": "2022-09-18T16:55:06.081Z", "updated_at": "2022-10-28T17:55:02.236Z", "product": 3, "image": "product/2022/10/28/orig_wdUct6m.webp"}}, {"model": "product.productimage", "pk": 10, "fields": {"created_at": "2022-09-18T16:55:06.084Z", "updated_at": "2022-10-28T17:55:26.751Z", "product": 3, "image": "product/2022/10/28/orig_P4Kuz60.webp"}}, {"model": "product.productimage", "pk": 11, "fields": {"created_at": "2022-10-26T17:34:30.637Z", "updated_at": "2022-10-26T19:35:11.416Z", "product": 1, "image": "product/2022/10/26/orig_6cYOUAM.webp"}}, {"model": "product.productimage", "pk": 13, "fields": {"created_at": "2022-10-26T17:39:23.984Z", "updated_at": "2022-10-26T17:39:23.984Z", "product": 1, "image": "product/2022/10/26/orig.webp"}}, {"model": "product.productimage", "pk": 14, "fields": {"created_at": "2022-10-28T16:18:08.464Z", "updated_at": "2022-10-28T16:18:08.464Z", "product": 2, "image": "product/2022/10/28/orig.webp"}}, {"model": "product.productimage", "pk": 15, "fields": {"created_at": "2022-10-28T16:18:35.666Z", "updated_at": "2022-10-28T16:18:35.666Z", "product": 2, "image": "product/2022/10/28/orig_9HRZknF.webp"}}, {"model": "product.productimage", "pk": 16, "fields": {"created_at": "2022-10-28T16:19:10.543Z", "updated_at": "2022-10-28T16:19:10.543Z", "product": 2, "image": "product/2022/10/28/orig_6rSDxpF.webp"}}, {"model": "product.productimage", "pk": 17, "fields": {"created_at": "2022-10-28T18:02:43.280Z", "updated_at": "2022-10-28T18:02:43.280Z", "product": 4, "image": "product/2022/10/28/orig_gegBByg.webp"}}, {"model": "product.productimage", "pk": 18, "fields": {"created_at": "2022-10-28T18:26:47.019Z", "updated_at": "2022-10-28T18:26:47.019Z", "product": 6, "image": "product/2022/10/28/orig_JFAv9OO.webp"}}, {"model": "product.productimage", "pk": 19, "fields": {"created_at": "2022-10-28T18:30:43.670Z", "updated_at": "2022-10-28T18:30:43.670Z", "product": 7, "image": "product/2022/10/28/orig_jPKegF6.webp"}}, {"model": "product.productimage", "pk": 20, "fields": {"created_at": "2022-10-28T18:31:06.424Z", "updated_at": "2022-10-28T18:31:06.424Z", "product": 7, "image": "product/2022/10/28/orig_QXUZg1p.webp"}}, {"model": "product.productimage", "pk": 21, "fields": {"created_at": "2022-10-28T18:36:56.904Z", "updated_at": "2022-10-28T18:36:56.904Z", "product": 8, "image": "product/2022/10/28/orig_EhbARUV.webp"}}, {"model": "product.productimage", "pk": 22, "fields": {"created_at": "2022-10-28T18:41:04.105Z", "updated_at": "2022-10-28T18:41:04.105Z", "product": 9, "image": "product/2022/10/28/orig_5aDNptw.webp"}}, {"model": "product.productimage", "pk": 23, "fields": {"created_at": "2022-10-28T18:41:27.596Z", "updated_at": "2022-10-28T18:41:27.596Z", "product": 9, "image": "product/2022/10/28/orig_ilnShaF.webp"}}, {"model": "product.productimage", "pk": 24, "fields": {"created_at": "2022-10-29T12:58:33.534Z", "updated_at": "2022-10-29T12:58:33.534Z", "product": 10, "image": "product/2022/10/29/orig.webp"}}, {"model": "product.productimage", "pk": 25, "fields": {"created_at": "2022-10-29T12:59:00.238Z", "updated_at": "2022-10-29T12:59:00.238Z", "product": 10, "image": "product/2022/10/29/orig_KfUqIfr.webp"}}, {"model": "product.productimage", "pk": 26, "fields": {"created_at": "2022-10-29T13:05:30.407Z", "updated_at": "2022-10-29T13:05:30.407Z", "product": 11, "image": "product/2022/10/29/orig_i6Pd4js.webp"}}, {"model": "product.productimage", "pk": 27, "fields": {"created_at": "2022-10-29T13:06:04.089Z", "updated_at": "2022-10-29T13:06:04.089Z", "product": 11, "image": "product/2022/10/29/orig_9iFMBZf.webp"}}, {"model": "product.productimage", "pk": 28, "fields": {"created_at": "2022-10-29T13:06:34.729Z", "updated_at": "2022-10-29T13:06:34.729Z", "product": 11, "image": "product/2022/10/29/orig_U2p3UHp.webp"}}, {"model": "product.productimage", "pk": 29, "fields": {"created_at": "2022-10-29T13:36:05.201Z", "updated_at": "2022-10-29T13:36:05.201Z", "product": 12, "image": "product/2022/10/29/orig_4SPdW2b.webp"}}, {"model": "product.productimage", "pk": 30, "fields": {"created_at": "2022-10-29T13:36:05.262Z", "updated_at": "2022-10-29T13:36:05.262Z", "product": 12, "image": "product/2022/10/29/orig-1.webp"}}, {"model": "product.productimage", "pk": 31, "fields": {"created_at": "2022-10-29T13:36:29.496Z", "updated_at": "2022-10-29T13:36:29.496Z", "product": 12, "image": "product/2022/10/29/orig_FiK3UZW.webp"}}, {"model": "product.productimage", "pk": 32, "fields": {"created_at": "2022-10-29T14:12:46.609Z", "updated_at": "2022-10-29T14:12:46.609Z", "product": 13, "image": "product/2022/10/29/orig_U9CxwaE.webp"}}, {"model": "product.productimage", "pk": 33, "fields": {"created_at": "2022-10-29T14:12:46.612Z", "updated_at": "2022-10-29T14:12:46.612Z", "product": 13, "image": "product/2022/10/29/orig-1_g4RnzGt.webp"}}, {"model": "product.productimage", "pk": 34, "fields": {"created_at": "2022-10-29T14:19:30.766Z", "updated_at": "2022-10-29T14:19:30.766Z", "product": 14, "image": "product/2022/10/29/orig_TuRJIG4.webp"}}, {"model": "product.productimage", "pk": 35, "fields": {"created_at": "2022-10-29T14:19:30.770Z", "updated_at": "2022-10-29T14:19:30.770Z", "product": 14, "image": "product/2022/10/29/orig-1_7s4eCb0.webp"}}, {"model": "product.productimage", "pk": 36, "fields": {"created_at": "2022-10-29T17:19:03.957Z", "updated_at": "2022-10-29T17:19:03.957Z", "product": 16, "image": "product/2022/10/29/orig_YQEDnQl.webp"}}, {"model": "product.productimage", "pk": 37, "fields": {"created_at": "2022-10-29T17:19:03.994Z", "updated_at": "2022-10-29T17:19:03.994Z", "product": 16, "image": "product/2022/10/29/orig-1_q4FXUtH.webp"}}, {"model": "product.productimage", "pk": 38, "fields": {"created_at": "2022-10-29T17:19:03.998Z", "updated_at": "2022-10-29T17:19:03.998Z", "product": 16, "image": "product/2022/10/29/orig-2.webp"}}, {"model": "product.productimage", "pk": 39, "fields": {"created_at": "2022-10-29T17:30:20.671Z", "updated_at": "2022-10-29T17:30:20.671Z", "product": 17, "image": "product/2022/10/29/orig_8ReMrTS.webp"}}, {"model": "product.productimage", "pk": 40, "fields": {"created_at": "2022-10-29T17:30:20.681Z", "updated_at": "2022-10-29T17:30:20.681Z", "product": 17, "image": "product/2022/10/29/orig-1_qalEGJU.webp"}}, {"model": "product.productimage", "pk": 41, "fields": {"created_at": "2022-10-29T17:30:20.689Z", "updated_at": "2022-10-29T17:30:20.689Z", "product": 17, "image": "product/2022/10/29/orig-2_YBqugIt.webp"}}, {"model": "product.productimage", "pk": 42, "fields": {"created_at": "2022-10-30T20:07:26.149Z", "updated_at": "2022-10-30T20:07:26.149Z", "product": 18, "image": "product/2022/10/30/orig.webp"}}, {"model": "product.productimage", "pk": 43, "fields": {"created_at": "2022-10-30T20:07:26.193Z", "updated_at": "2022-10-30T20:07:26.193Z", "product": 18, "image": "product/2022/10/30/orig-1.webp"}}, {"model": "product.productimage", "pk": 44, "fields": {"created_at": "2022-10-30T20:07:26.199Z", "updated_at": "2022-10-30T20:07:26.199Z", "product": 18, "image": "product/2022/10/30/orig-2.webp"}}, {"model": "product.productimage", "pk": 45, "fields": {"created_at": "2022-10-30T20:07:26.204Z", "updated_at": "2022-10-30T20:07:26.204Z", "product": 18, "image": "product/2022/10/30/orig-3.webp"}}, {"model": "product.productimage", "pk": 46, "fields": {"created_at": "2022-10-30T20:09:50.033Z", "updated_at": "2022-10-30T20:09:50.033Z", "product": 19, "image": "product/2022/10/30/orig_6SbelX1.webp"}}, {"model": "product.productimage", "pk": 47, "fields": {"created_at": "2022-10-30T20:09:50.057Z", "updated_at": "2022-10-30T20:09:50.057Z", "product": 19, "image": "product/2022/10/30/orig-1_C5pZ9QB.webp"}}, {"model": "product.productimage", "pk": 48, "fields": {"created_at": "2022-10-30T20:13:13.332Z", "updated_at": "2022-10-30T20:13:13.333Z", "product": 20, "image": "product/2022/10/30/orig_eq2kSJT.webp"}}, {"model": "product.productimage", "pk": 49, "fields": {"created_at": "2022-10-30T20:13:13.366Z", "updated_at": "2022-10-30T20:13:13.366Z", "product": 20, "image": "product/2022/10/30/orig-1_xF1vbUn.webp"}}, {"model": "product.productimage", "pk": 50, "fields": {"created_at": "2022-10-30T20:13:13.370Z", "updated_at": "2022-10-30T20:13:13.370Z", "product": 20, "image": "product/2022/10/30/orig-2_CUiJsAx.webp"}}, {"model": "product.productimage", "pk": 51, "fields": {"created_at": "2022-10-30T20:21:09.711Z", "updated_at": "2022-10-30T20:21:09.711Z", "product": 21, "image": "product/2022/10/30/orig_8j3CpVJ.webp"}}, {"model": "product.productimage", "pk": 52, "fields": {"created_at": "2022-10-30T20:21:09.739Z", "updated_at": "2022-10-30T20:21:09.739Z", "product": 21, "image": "product/2022/10/30/orig-1_jU04cpT.webp"}}, {"model": "product.productimage", "pk": 53, "fields": {"created_at": "2022-10-30T20:26:55.541Z", "updated_at": "2022-10-30T20:26:55.541Z", "product": 22, "image": "product/2022/10/30/orig_sjsTPBe.webp"}}, {"model": "product.productimage", "pk": 54, "fields": {"created_at": "2022-10-31T15:43:28.988Z", "updated_at": "2022-10-31T15:43:28.988Z", "product": 23, "image": "product/2022/10/31/orig.webp"}}, {"model": "product.productimage", "pk": 55, "fields": {"created_at": "2022-10-31T15:43:29.109Z", "updated_at": "2022-10-31T15:43:29.109Z", "product": 23, "image": "product/2022/10/31/orig-1.webp"}}, {"model": "product.productimage", "pk": 56, "fields": {"created_at": "2022-10-31T16:01:59.891Z", "updated_at": "2022-10-31T16:01:59.891Z", "product": 15, "image": "product/2022/10/31/orig_tiA0qCU.webp"}}, {"model": "product.productimage", "pk": 57, "fields": {"created_at": "2022-10-31T16:01:59.897Z", "updated_at": "2022-10-31T16:01:59.897Z", "product": 15, "image": "product/2022/10/31/orig-1_Z6lxcr6.webp"}}, {"model": "product.productimage", "pk": 58, "fields": {"created_at": "2022-11-02T13:08:47.893Z", "updated_at": "2022-11-02T13:08:47.893Z", "product": 24, "image": "product/2022/11/02/orig.webp"}}, {"model": "product.productimage", "pk": 59, "fields": {"created_at": "2022-11-02T13:25:04.635Z", "updated_at": "2022-11-02T13:25:04.636Z", "product": 25, "image": "product/2022/11/02/orig_rgRXvEc.webp"}}, {"model": "product.productimage", "pk": 60, "fields": {"created_at": "2022-11-03T17:54:40.787Z", "updated_at": "2022-11-03T17:54:40.787Z", "product": 26, "image": "product/2022/11/03/orig.webp"}}, {"model": "product.productimage", "pk": 61, "fields": {"created_at": "2022-11-03T17:54:40.806Z", "updated_at": "2022-11-03T17:54:40.806Z", "product": 26, "image": "product/2022/11/03/orig-1.webp"}}, {"model": "product.productimage", "pk": 62, "fields": {"created_at": "2022-11-03T17:54:40.809Z", "updated_at": "2022-11-03T17:54:40.809Z", "product": 26, "image": "product/2022/11/03/orig-2.webp"}}, {"model": "product.productimage", "pk": 63, "fields": {"created_at": "2022-11-03T17:58:28.712Z", "updated_at": "2022-11-03T17:58:28.712Z", "product": 27, "image": "product/2022/11/03/orig_S6Br7G4.webp"}}, {"model": "product.productimage", "pk": 64, "fields": {"created_at": "2022-11-03T17:58:28.715Z", "updated_at": "2022-11-03T17:58:28.715Z", "product": 27, "image": "product/2022/11/03/orig-1_ESWNmeV.webp"}}, {"model": "product.productimage", "pk": 65, "fields": {"created_at": "2022-11-03T18:02:46.689Z", "updated_at": "2022-11-03T18:02:46.689Z", "product": 28, "image": "product/2022/11/03/orig_yAwWbpS.webp"}}, {"model": "product.productimage", "pk": 66, "fields": {"created_at": "2022-11-03T18:09:03.015Z", "updated_at": "2022-11-03T18:09:03.015Z", "product": 29, "image": "product/2022/11/03/orig_AXNlsZl.webp"}}, {"model": "product.productimage", "pk": 67, "fields": {"created_at": "2022-11-03T18:09:03.019Z", "updated_at": "2022-11-03T18:09:03.019Z", "product": 29, "image": "product/2022/11/03/orig-1_kCNlu61.webp"}}, {"model": "product.productimage", "pk": 68, "fields": {"created_at": "2022-11-03T18:12:02.270Z", "updated_at": "2022-11-03T18:12:02.270Z", "product": 30, "image": "product/2022/11/03/orig_zreafHZ.webp"}}, {"model": "product.productimage", "pk": 69, "fields": {"created_at": "2022-11-03T18:12:02.273Z", "updated_at": "2022-11-03T18:12:02.273Z", "product": 30, "image": "product/2022/11/03/orig-1_0kaNNCt.webp"}}, {"model": "product.productimage", "pk": 70, "fields": {"created_at": "2022-11-03T18:12:02.276Z", "updated_at": "2022-11-03T18:12:02.276Z", "product": 30, "image": "product/2022/11/03/orig-2_5RDTAKt.webp"}}, {"model": "product.productimage", "pk": 71, "fields": {"created_at": "2022-11-05T16:14:36.147Z", "updated_at": "2022-11-05T16:14:36.147Z", "product": 31, "image": "product/2022/11/05/orig.webp"}}, {"model": "product.productimage", "pk": 72, "fields": {"created_at": "2022-11-05T16:14:36.216Z", "updated_at": "2022-11-05T16:14:36.216Z", "product": 31, "image": "product/2022/11/05/orig-1.webp"}}, {"model": "product.productimage", "pk": 73, "fields": {"created_at": "2022-11-05T16:14:36.221Z", "updated_at": "2022-11-05T16:14:36.221Z", "product": 31, "image": "product/2022/11/05/orig-2.webp"}}, {"model": "product.productimage", "pk": 74, "fields": {"created_at": "2022-11-05T18:57:20.079Z", "updated_at": "2022-11-05T18:57:20.079Z", "product": 32, "image": "product/2022/11/05/orig_8Pj6z4t.webp"}}, {"model": "product.productimage", "pk": 75, "fields": {"created_at": "2022-11-05T19:04:30.092Z", "updated_at": "2022-11-05T19:04:30.092Z", "product": 33, "image": "product/2022/11/05/optimize.png"}}, {"model": "product.productimage", "pk": 76, "fields": {"created_at": "2022-11-05T19:04:30.097Z", "updated_at": "2022-11-05T19:04:30.097Z", "product": 33, "image": "product/2022/11/05/orig_0OGKAkb.webp"}}, {"model": "product.productimage", "pk": 77, "fields": {"created_at": "2022-11-05T19:08:05.388Z", "updated_at": "2022-11-05T19:08:05.388Z", "product": 34, "image": "product/2022/11/05/orig_RX7abTz.webp"}}, {"model": "product.productimage", "pk": 78, "fields": {"created_at": "2022-11-05T19:08:05.393Z", "updated_at": "2022-11-05T19:08:05.393Z", "product": 34, "image": "product/2022/11/05/orig-1_K6N1Fv6.webp"}}, {"model": "product.productimage", "pk": 79, "fields": {"created_at": "2022-11-05T19:18:12.425Z", "updated_at": "2022-11-05T19:18:12.425Z", "product": 35, "image": "product/2022/11/05/orig_2jEtwVJ.webp"}}, {"model": "product.property", "pk": 1, "fields": {"created_at": "2022-10-26T17:31:48.888Z", "updated_at": "2022-10-26T17:31:48.888Z", "name": "экран", "description": ""}}, {"model": "product.property", "pk": 2, "fields": {"created_at": "2022-10-26T17:32:09.103Z", "updated_at": "2022-10-26T17:32:09.103Z", "name": "встроенная память", "description": ""}}, {"model": "product.property", "pk": 3, "fields": {"created_at": "2022-10-26T17:32:30.421Z", "updated_at": "2022-10-26T17:32:30.421Z", "name": "оперативная память", "description": ""}}, {"model": "product.property", "pk": 4, "fields": {"created_at": "2022-10-26T17:32:57.658Z", "updated_at": "2022-10-26T17:32:57.658Z", "name": "количество камер", "description": ""}}, {"model": "product.property", "pk": 5, "fields": {"created_at": "2022-10-26T17:33:15.464Z", "updated_at": "2022-10-26T17:33:15.464Z", "name": "аккумулятор", "description": ""}}, {"model": "product.property", "pk": 6, "fields": {"created_at": "2022-10-26T17:33:35.225Z", "updated_at": "2022-10-26T17:33:35.225Z", "name": "операционная система", "description": ""}}, {"model": "product.property", "pk": 7, "fields": {"created_at": "2022-10-26T17:33:54.542Z", "updated_at": "2022-10-26T17:33:54.542Z", "name": "стандарт связи", "description": ""}}, {"model": "product.property", "pk": 8, "fields": {"created_at": "2022-10-26T17:34:14.809Z", "updated_at": "2022-10-26T17:34:14.809Z", "name": "вес", "description": ""}}, {"model": "product.property", "pk": 9, "fields": {"created_at": "2022-10-28T16:10:43.462Z", "updated_at": "2022-10-28T16:10:43.462Z", "name": "активное шумоподавление (ANC)", "description": ""}}, {"model": "product.property", "pk": 10, "fields": {"created_at": "2022-10-28T16:11:09.279Z", "updated_at": "2022-10-28T16:11:09.279Z", "name": "конструкция", "description": ""}}, {"model": "product.property", "pk": 11, "fields": {"created_at": "2022-10-28T16:11:46.014Z", "updated_at": "2022-10-28T16:11:46.014Z", "name": "подключение", "description": ""}}, {"model": "product.property", "pk": 12, "fields": {"created_at": "2022-10-28T16:12:18.298Z", "updated_at": "2022-10-28T16:12:18.298Z", "name": "тип зарядки кейса", "description": ""}}, {"model": "product.property", "pk": 13, "fields": {"created_at": "2022-10-28T16:13:38.445Z", "updated_at": "2022-10-28T16:13:38.445Z", "name": "степень защиты", "description": ""}}, {"model": "product.property", "pk": 14, "fields": {"created_at": "2022-10-28T16:14:06.755Z", "updated_at": "2022-10-28T16:14:06.755Z", "name": "количество микрофонов", "description": ""}}, {"model": "product.property", "pk": 15, "fields": {"created_at": "2022-10-28T16:14:26.100Z", "updated_at": "2022-10-28T16:14:26.100Z", "name": "тип излучателей", "description": ""}}, {"model": "product.property", "pk": 16, "fields": {"created_at": "2022-10-28T16:15:03.012Z", "updated_at": "2022-10-28T16:15:03.012Z", "name": "время работы с включенным ANC", "description": ""}}, {"model": "product.property", "pk": 17, "fields": {"created_at": "2022-10-28T16:15:24.599Z", "updated_at": "2022-10-28T16:15:24.599Z", "name": "время работы от аккумулятора в кейсе", "description": ""}}, {"model": "product.property", "pk": 18, "fields": {"created_at": "2022-10-28T16:15:48.295Z", "updated_at": "2022-10-28T16:15:48.295Z", "name": "импеданс", "description": ""}}, {"model": "product.property", "pk": 19, "fields": {"created_at": "2022-10-28T16:16:12.273Z", "updated_at": "2022-10-28T16:16:12.273Z", "name": "диапазон воспроизводимых частот", "description": ""}}, {"model": "product.property", "pk": 20, "fields": {"created_at": "2022-10-28T16:16:39.167Z", "updated_at": "2022-10-28T16:16:39.167Z", "name": "чувствительность", "description": ""}}, {"model": "product.property", "pk": 21, "fields": {"created_at": "2022-10-28T17:56:12.444Z", "updated_at": "2022-10-28T17:56:12.444Z", "name": "защищенность", "description": ""}}, {"model": "product.property", "pk": 22, "fields": {"created_at": "2022-10-28T17:56:49.509Z", "updated_at": "2022-10-28T17:56:49.509Z", "name": "совместимость", "description": ""}}, {"model": "product.property", "pk": 23, "fields": {"created_at": "2022-10-28T17:57:18.639Z", "updated_at": "2022-10-28T17:57:18.639Z", "name": "мониторинг", "description": ""}}, {"model": "product.property", "pk": 24, "fields": {"created_at": "2022-10-28T18:19:53.099Z", "updated_at": "2022-10-28T18:19:53.099Z", "name": "тип щетки", "description": ""}}, {"model": "product.property", "pk": 25, "fields": {"created_at": "2022-10-28T18:20:21.071Z", "updated_at": "2022-10-28T18:20:21.071Z", "name": "назначение", "description": ""}}, {"model": "product.property", "pk": 26, "fields": {"created_at": "2022-10-28T18:20:52.785Z", "updated_at": "2022-10-28T18:20:52.785Z", "name": "питание", "description": ""}}, {"model": "product.property", "pk": 27, "fields": {"created_at": "2022-10-28T18:21:24.028Z", "updated_at": "2022-10-28T18:21:24.028Z", "name": "режимы", "description": ""}}, {"model": "product.property", "pk": 28, "fields": {"created_at": "2022-10-28T18:21:52.780Z", "updated_at": "2022-10-28T18:21:52.780Z", "name": "пульсаций в минуту", "description": ""}}, {"model": "product.property", "pk": 29, "fields": {"created_at": "2022-10-28T18:22:23.717Z", "updated_at": "2022-10-28T18:22:23.717Z", "name": "дополнительные функции", "description": ""}}, {"model": "product.property", "pk": 30, "fields": {"created_at": "2022-10-28T18:27:18.942Z", "updated_at": "2022-10-28T18:27:18.942Z", "name": "тип насадки", "description": ""}}, {"model": "product.property", "pk": 31, "fields": {"created_at": "2022-10-28T18:43:46.878Z", "updated_at": "2022-10-28T18:43:46.878Z", "name": "количество драйверов", "description": ""}}, {"model": "product.property", "pk": 32, "fields": {"created_at": "2022-10-28T18:44:12.941Z", "updated_at": "2022-10-28T18:44:12.941Z", "name": "время работы с выключенным ANC", "description": ""}}, {"model": "product.property", "pk": 33, "fields": {"created_at": "2022-10-29T12:56:49.473Z", "updated_at": "2022-10-29T12:56:49.473Z", "name": "цвет товара", "description": ""}}, {"model": "product.property", "pk": 34, "fields": {"created_at": "2022-10-29T12:57:23.169Z", "updated_at": "2022-10-29T12:57:23.170Z", "name": "тип устройства", "description": ""}}, {"model": "product.property", "pk": 35, "fields": {"created_at": "2022-10-29T12:58:00.942Z", "updated_at": "2022-10-29T12:58:00.942Z", "name": "время работы", "description": ""}}, {"model": "product.property", "pk": 36, "fields": {"created_at": "2022-10-29T13:07:02.010Z", "updated_at": "2022-10-29T13:07:02.010Z", "name": "голосовой помощник", "description": ""}}, {"model": "product.property", "pk": 37, "fields": {"created_at": "2022-10-29T13:07:32.839Z", "updated_at": "2022-10-29T13:07:32.839Z", "name": "язык голосового помощника", "description": ""}}, {"model": "product.property", "pk": 38, "fields": {"created_at": "2022-10-29T13:07:58.845Z", "updated_at": "2022-10-29T13:07:58.845Z", "name": "экосистема", "description": ""}}, {"model": "product.property", "pk": 39, "fields": {"created_at": "2022-10-29T13:08:51.260Z", "updated_at": "2022-10-29T13:08:51.260Z", "name": "суммарная мощность", "description": ""}}, {"model": "product.property", "pk": 40, "fields": {"created_at": "2022-10-29T13:09:17.450Z", "updated_at": "2022-10-29T13:09:17.450Z", "name": "протокол связи Умного дома", "description": ""}}, {"model": "product.property", "pk": 41, "fields": {"created_at": "2022-10-29T13:09:52.609Z", "updated_at": "2022-10-29T13:09:52.609Z", "name": "беспроводная связь", "description": ""}}, {"model": "product.property", "pk": 42, "fields": {"created_at": "2022-10-29T13:10:17.093Z", "updated_at": "2022-10-29T13:10:17.093Z", "name": "размеры (ШxВxГ)", "description": ""}}, {"model": "product.property", "pk": 43, "fields": {"created_at": "2022-10-29T13:11:15.039Z", "updated_at": "2022-10-29T13:11:15.039Z", "name": "особенности", "description": ""}}, {"model": "product.property", "pk": 44, "fields": {"created_at": "2022-10-29T13:40:05.896Z", "updated_at": "2022-10-29T13:40:05.896Z", "name": "сезон", "description": ""}}, {"model": "product.property", "pk": 45, "fields": {"created_at": "2022-10-29T13:40:29.122Z", "updated_at": "2022-10-29T13:40:29.122Z", "name": "застежка", "description": ""}}, {"model": "product.property", "pk": 46, "fields": {"created_at": "2022-10-29T13:40:52.825Z", "updated_at": "2022-10-29T13:40:52.825Z", "name": "декор", "description": ""}}, {"model": "product.property", "pk": 47, "fields": {"created_at": "2022-10-29T13:41:19.545Z", "updated_at": "2022-10-29T13:41:19.545Z", "name": "детали", "description": ""}}, {"model": "product.property", "pk": 48, "fields": {"created_at": "2022-10-29T13:41:47.453Z", "updated_at": "2022-10-29T13:41:47.453Z", "name": "принт", "description": ""}}, {"model": "product.property", "pk": 49, "fields": {"created_at": "2022-10-29T13:42:15.687Z", "updated_at": "2022-10-29T13:42:15.687Z", "name": "рукав", "description": ""}}, {"model": "product.property", "pk": 50, "fields": {"created_at": "2022-10-29T13:42:42.422Z", "updated_at": "2022-10-29T13:42:42.422Z", "name": "силуэт", "description": ""}}, {"model": "product.property", "pk": 51, "fields": {"created_at": "2022-10-29T14:13:27.793Z", "updated_at": "2022-10-29T14:13:27.793Z", "name": "тип цоколя", "description": ""}}, {"model": "product.property", "pk": 52, "fields": {"created_at": "2022-10-29T14:13:58.773Z", "updated_at": "2022-10-29T14:13:58.773Z", "name": "мощность", "description": ""}}, {"model": "product.property", "pk": 53, "fields": {"created_at": "2022-10-29T14:14:24.770Z", "updated_at": "2022-10-29T14:14:24.770Z", "name": "цветовая температура", "description": ""}}, {"model": "product.property", "pk": 54, "fields": {"created_at": "2022-10-29T14:14:48.427Z", "updated_at": "2022-10-29T14:14:48.427Z", "name": "напряжение", "description": ""}}, {"model": "product.property", "pk": 55, "fields": {"created_at": "2022-10-29T14:15:16.801Z", "updated_at": "2022-10-29T14:15:16.801Z", "name": "световой поток", "description": ""}}, {"model": "product.property", "pk": 56, "fields": {"created_at": "2022-10-29T14:16:00.689Z", "updated_at": "2022-10-29T14:16:00.689Z", "name": "эквивалент лампы накаливания", "description": ""}}, {"model": "product.property", "pk": 57, "fields": {"created_at": "2022-10-29T14:16:42.983Z", "updated_at": "2022-10-29T14:16:42.983Z", "name": "срок службы", "description": ""}}, {"model": "product.property", "pk": 58, "fields": {"created_at": "2022-10-29T14:20:34.777Z", "updated_at": "2022-10-29T14:20:34.777Z", "name": "свет", "description": ""}}, {"model": "product.property", "pk": 59, "fields": {"created_at": "2022-10-29T17:16:20.474Z", "updated_at": "2022-10-29T17:16:20.474Z", "name": "разъемы", "description": ""}}, {"model": "product.property", "pk": 60, "fields": {"created_at": "2022-10-29T17:28:11.616Z", "updated_at": "2022-10-29T17:28:11.616Z", "name": "число ящиков", "description": ""}}, {"model": "product.property", "pk": 61, "fields": {"created_at": "2022-10-29T17:28:11.649Z", "updated_at": "2022-10-29T17:28:11.649Z", "name": "материал корпуса", "description": ""}}, {"model": "product.property", "pk": 62, "fields": {"created_at": "2022-10-29T17:28:11.738Z", "updated_at": "2022-10-29T17:28:11.738Z", "name": "ширина", "description": ""}}, {"model": "product.property", "pk": 63, "fields": {"created_at": "2022-10-29T17:28:11.861Z", "updated_at": "2022-10-29T17:28:11.861Z", "name": "глубина", "description": ""}}, {"model": "product.property", "pk": 64, "fields": {"created_at": "2022-10-29T17:28:11.893Z", "updated_at": "2022-10-29T17:28:11.893Z", "name": "высота", "description": ""}}, {"model": "product.property", "pk": 65, "fields": {"created_at": "2022-10-30T20:04:40.811Z", "updated_at": "2022-10-30T20:04:40.811Z", "name": "память", "description": ""}}, {"model": "product.property", "pk": 66, "fields": {"created_at": "2022-10-30T20:04:40.854Z", "updated_at": "2022-10-30T20:04:40.854Z", "name": "фото", "description": ""}}, {"model": "product.property", "pk": 67, "fields": {"created_at": "2022-10-30T20:04:40.877Z", "updated_at": "2022-10-30T20:04:40.877Z", "name": "процессор", "description": ""}}, {"model": "product.property", "pk": 68, "fields": {"created_at": "2022-10-30T20:04:40.899Z", "updated_at": "2022-10-30T20:04:40.899Z", "name": "SIM-карты", "description": ""}}, {"model": "product.property", "pk": 69, "fields": {"created_at": "2022-10-30T20:04:40.921Z", "updated_at": "2022-10-30T20:04:40.921Z", "name": "беспроводные интерфейсы", "description": ""}}, {"model": "product.property", "pk": 70, "fields": {"created_at": "2022-10-30T20:04:40.977Z", "updated_at": "2022-10-30T20:04:40.977Z", "name": "версия", "description": ""}}, {"model": "product.property", "pk": 71, "fields": {"created_at": "2022-10-30T20:19:34.733Z", "updated_at": "2022-10-30T20:19:34.733Z", "name": "ШхВхГ", "description": ""}}, {"model": "product.property", "pk": 72, "fields": {"created_at": "2022-10-30T20:19:34.852Z", "updated_at": "2022-10-30T20:19:34.852Z", "name": "общий объем", "description": ""}}, {"model": "product.property", "pk": 73, "fields": {"created_at": "2022-10-30T20:19:34.874Z", "updated_at": "2022-10-30T20:19:34.874Z", "name": "размораживание", "description": ""}}, {"model": "product.property", "pk": 74, "fields": {"created_at": "2022-10-30T20:19:34.896Z", "updated_at": "2022-10-30T20:19:34.896Z", "name": "класс энергопотребления", "description": ""}}, {"model": "product.property", "pk": 75, "fields": {"created_at": "2022-10-30T20:19:34.919Z", "updated_at": "2022-10-30T20:19:34.920Z", "name": "объем холодильной камеры", "description": ""}}, {"model": "product.property", "pk": 76, "fields": {"created_at": "2022-10-30T20:19:34.939Z", "updated_at": "2022-10-30T20:19:34.939Z", "name": "объем морозильной камеры", "description": ""}}, {"model": "product.property", "pk": 77, "fields": {"created_at": "2022-10-30T20:19:34.962Z", "updated_at": "2022-10-30T20:19:34.962Z", "name": "тип компрессора", "description": ""}}, {"model": "product.property", "pk": 78, "fields": {"created_at": "2022-10-30T20:19:34.984Z", "updated_at": "2022-10-30T20:19:34.984Z", "name": "мощность замораживания", "description": ""}}, {"model": "product.property", "pk": 79, "fields": {"created_at": "2022-10-30T20:19:35.017Z", "updated_at": "2022-10-30T20:19:35.017Z", "name": "особенности конструкции", "description": ""}}, {"model": "product.property", "pk": 80, "fields": {"created_at": "2022-10-31T15:19:02.258Z", "updated_at": "2022-10-31T15:19:02.258Z", "name": "диагональ", "description": ""}}, {"model": "product.property", "pk": 81, "fields": {"created_at": "2022-10-31T15:19:02.288Z", "updated_at": "2022-10-31T15:19:02.288Z", "name": "разрешение HD", "description": ""}}, {"model": "product.property", "pk": 82, "fields": {"created_at": "2022-10-31T15:19:02.314Z", "updated_at": "2022-10-31T15:19:02.315Z", "name": "частота обновления экрана", "description": ""}}, {"model": "product.property", "pk": 83, "fields": {"created_at": "2022-10-31T15:19:02.346Z", "updated_at": "2022-10-31T15:19:02.346Z", "name": "технология экрана", "description": ""}}, {"model": "product.property", "pk": 84, "fields": {"created_at": "2022-10-31T15:19:02.369Z", "updated_at": "2022-10-31T15:19:02.369Z", "name": "разъемы и интерфейсы", "description": ""}}, {"model": "product.property", "pk": 85, "fields": {"created_at": "2022-10-31T15:19:02.400Z", "updated_at": "2022-10-31T15:19:02.400Z", "name": "платформа Smart TV", "description": ""}}, {"model": "product.property", "pk": 86, "fields": {"created_at": "2022-10-31T15:19:02.421Z", "updated_at": "2022-10-31T15:19:02.421Z", "name": "тип подсветки", "description": ""}}, {"model": "product.property", "pk": 87, "fields": {"created_at": "2022-10-31T15:19:02.450Z", "updated_at": "2022-10-31T15:19:02.450Z", "name": "мощность звука", "description": ""}}, {"model": "product.property", "pk": 88, "fields": {"created_at": "2022-11-02T13:07:06.777Z", "updated_at": "2022-11-02T13:07:06.777Z", "name": "материал", "description": ""}}, {"model": "product.property", "pk": 89, "fields": {"created_at": "2022-11-02T13:07:06.799Z", "updated_at": "2022-11-02T13:07:06.799Z", "name": "тематика", "description": ""}}, {"model": "product.property", "pk": 90, "fields": {"created_at": "2022-11-03T17:52:12.737Z", "updated_at": "2022-11-03T17:52:12.737Z", "name": "тип установки", "description": ""}}, {"model": "product.property", "pk": 91, "fields": {"created_at": "2022-11-03T17:52:12.941Z", "updated_at": "2022-11-03T17:52:12.941Z", "name": "дверцы", "description": ""}}, {"model": "product.property", "pk": 92, "fields": {"created_at": "2022-11-03T17:52:13.100Z", "updated_at": "2022-11-03T17:52:13.100Z", "name": "количество дверей", "description": ""}}, {"model": "product.property", "pk": 93, "fields": {"created_at": "2022-11-03T18:05:40.337Z", "updated_at": "2022-11-03T18:05:40.337Z", "name": "ШхГхВ", "description": ""}}, {"model": "product.property", "pk": 94, "fields": {"created_at": "2022-11-03T18:10:17.379Z", "updated_at": "2022-11-03T18:10:17.380Z", "name": "максимальная площадь обогрева", "description": ""}}, {"model": "product.property", "pk": 95, "fields": {"created_at": "2022-11-03T18:10:17.402Z", "updated_at": "2022-11-03T18:10:17.402Z", "name": "мощность обогрева", "description": ""}}, {"model": "product.property", "pk": 96, "fields": {"created_at": "2022-11-03T18:10:17.424Z", "updated_at": "2022-11-03T18:10:17.424Z", "name": "установка", "description": ""}}, {"model": "product.property", "pk": 97, "fields": {"created_at": "2022-11-03T18:10:17.448Z", "updated_at": "2022-11-03T18:10:17.448Z", "name": "защита", "description": ""}}, {"model": "product.property", "pk": 98, "fields": {"created_at": "2022-11-03T18:10:17.468Z", "updated_at": "2022-11-03T18:10:17.468Z", "name": "управление", "description": ""}}, {"model": "product.property", "pk": 99, "fields": {"created_at": "2022-11-03T18:10:17.525Z", "updated_at": "2022-11-03T18:10:17.525Z", "name": "количество режимов работы", "description": ""}}, {"model": "product.property", "pk": 100, "fields": {"created_at": "2022-11-03T18:10:17.557Z", "updated_at": "2022-11-03T18:10:17.557Z", "name": "тип нагревательного элемента", "description": ""}}, {"model": "product.property", "pk": 101, "fields": {"created_at": "2022-11-03T18:10:17.578Z", "updated_at": "2022-11-03T18:10:17.578Z", "name": "габариты (ШхВхТ)", "description": ""}}, {"model": "product.property", "pk": 102, "fields": {"created_at": "2022-11-05T18:54:54.037Z", "updated_at": "2022-11-05T18:54:54.037Z", "name": "форма", "description": ""}}, {"model": "product.property", "pk": 103, "fields": {"created_at": "2022-11-05T18:54:54.135Z", "updated_at": "2022-11-05T18:54:54.135Z", "name": "состав", "description": ""}}, {"model": "product.property", "pk": 104, "fields": {"created_at": "2022-11-05T19:01:54.803Z", "updated_at": "2022-11-05T19:01:54.803Z", "name": "бренд", "description": ""}}, {"model": "product.property", "pk": 105, "fields": {"created_at": "2022-11-05T19:01:54.824Z", "updated_at": "2022-11-05T19:01:54.824Z", "name": "вид спорта", "description": ""}}, {"model": "product.property", "pk": 106, "fields": {"created_at": "2022-11-05T19:01:54.846Z", "updated_at": "2022-11-05T19:01:54.846Z", "name": "материал верха", "description": ""}}, {"model": "product.property", "pk": 107, "fields": {"created_at": "2022-11-05T19:01:54.869Z", "updated_at": "2022-11-05T19:01:54.869Z", "name": "материал подкладки", "description": ""}}, {"model": "product.property", "pk": 108, "fields": {"created_at": "2022-11-05T19:01:54.890Z", "updated_at": "2022-11-05T19:01:54.890Z", "name": "материал подошвы", "description": ""}}, {"model": "product.property", "pk": 109, "fields": {"created_at": "2022-11-05T19:01:54.911Z", "updated_at": "2022-11-05T19:01:54.911Z", "name": "шнуровка", "description": ""}}]